Price,Bathrooms,Number_Of_Floors,Floor,Property_Age,Location_akincilar,Location_ataturk,Location_baris,Location_buca-koop,Location_camlikule,Location_efeler,Location_firat,Location_goksu,Location_hurriyet,Location_inonu,Location_izkent,Location_kozagac,Location_kurucesme,Location_laleli,Location_menderes,Location_other,Location_yaylacik,Location_yenigun,Location_yesilbaglar,Location_yigitler,Location_yildiz,Listing_Age_Days,Posted_Month,Rooms,Halls,Net_m2,Heating_Type_Air Conditioning,Heating_Type_Central,Heating_Type_Combi Boiler,Heating_Type_Underfloor Heating,Title_Condominium,Title_Floor Easement,Furnishing_Status_Furnished,Furnishing_Status_Not Furnished,Usage_Status_Empty,Usage_Status_Owner,Usage_Status_Tenanted
3400000.0,1,5,4,1,0,0,0,0,0,0,0,0,0,0,0,0,1,0,0,0,0,0,0,0,0,7,10,1,1,50,0,0,0,1,1,0,0,1,1,0,0
7150000.0,1,4,0,35,0,0,0,0,0,0,0,0,0,0,0,0,0,0,1,0,0,0,0,0,0,4,10,3,1,185,0,0,1,0,1,0,0,1,0,1,0
6100000.0,2,10,10,0,0,0,0,0,0,0,0,0,0,0,0,0,0,0,0,0,0,0,0,0,1,33,9,2,1,95,0,0,1,0,0,1,0,1,0,0,1
3195000.0,1,4,2,6,0,0,0,0,0,0,0,0,0,0,0,0,0,0,1,0,0,0,0,0,0,3,10,2,1,65,0,0,1,0,1,0,1,0,1,0,0
7150000.0,2,4,1,1,0,0,0,0,0,0,0,0,0,0,0,0,0,0,0,1,0,0,0,0,0,30,9,3,1,120,0,0,1,0,0,1,0,1,1,0,0
4100000.0,2,4,2,0,0,0,0,0,0,0,0,1,0,0,0,0,0,0,0,0,0,0,0,0,0,14,10,2,1,94,0,0,1,0,0,1,0,1,1,0,0
2750000.0,1,2,0,26,0,0,0,0,0,0,0,0,1,0,0,0,0,0,0,0,0,0,0,0,0,51,9,3,1,110,0,0,1,0,0,1,0,1,1,0,0
3500000.0,2,4,4,5,0,0,0,0,0,0,0,0,0,0,0,0,0,0,0,0,0,0,0,0,0,19,10,2,1,95,0,0,1,0,0,1,0,1,1,0,0
2425000.0,1,2,0,4,0,1,0,0,0,0,0,0,0,0,0,0,0,0,0,0,0,0,0,0,0,4,10,1,1,40,0,0,1,0,0,1,1,0,1,0,0
4700000.0,1,5,3,40,0,0,0,0,0,1,0,0,0,0,0,0,0,0,0,0,0,0,0,0,0,3,10,2,1,90,1,0,0,0,0,1,0,1,0,1,0
4450000.0,1,12,2,1,0,0,0,0,0,0,0,0,0,0,0,0,0,0,0,0,0,0,0,0,1,89,7,2,1,85,0,0,1,0,0,1,0,1,0,0,1
2900000.0,1,4,2,6,0,0,0,0,0,0,0,0,0,1,0,0,0,0,0,0,0,0,0,0,0,51,9,1,1,65,0,0,0,1,0,1,0,1,0,1,0
5650000.0,1,4,3,25,0,0,0,0,0,0,0,0,0,0,0,0,0,0,0,1,0,0,0,0,0,3,10,3,1,140,0,0,1,0,1,0,0,1,1,0,0
5100000.0,2,7,6,20,0,0,0,0,0,0,0,0,1,0,0,0,0,0,0,0,0,0,0,0,0,5,10,3,1,135,0,0,1,0,1,0,0,1,0,1,0
2700000.0,1,6,2,0,0,0,0,0,0,0,0,0,0,0,0,0,0,0,0,0,1,0,0,0,0,26,9,1,1,45,0,0,1,0,0,1,0,1,1,0,0
3350000.0,1,4,4,26,0,0,0,0,0,0,0,0,0,0,0,0,0,0,0,1,0,0,0,0,0,13,10,2,1,90,0,0,1,0,0,1,0,1,1,0,0
2400000.0,1,2,0,3,0,0,0,0,0,0,0,0,0,0,0,0,0,0,0,0,0,0,0,0,0,17,10,1,1,40,1,0,0,0,0,1,1,0,0,0,1
2720000.0,1,4,2,0,0,0,0,0,0,0,0,0,0,0,0,0,0,1,0,0,0,0,0,0,0,16,10,1,1,36,0,0,1,0,0,1,1,0,1,0,0
3000000.0,1,11,2,5,0,0,0,0,0,0,0,0,0,0,0,0,1,0,0,0,0,0,0,0,0,4,10,1,1,45,0,0,0,1,0,1,1,0,0,1,0
4000000.0,1,2,2,0,0,0,0,0,0,0,0,0,0,0,0,0,0,0,0,0,1,0,0,0,0,2,10,2,1,80,0,0,1,0,0,1,0,1,1,0,0
4500000.0,1,3,3,11,0,0,0,0,0,0,0,0,1,0,0,0,0,0,0,0,0,0,0,0,0,6,10,3,1,120,0,0,1,0,1,0,0,1,0,1,0
2750000.0,1,4,0,25,0,0,0,0,0,0,0,1,0,0,0,0,0,0,0,0,0,0,0,0,0,3,10,2,1,98,0,0,1,0,1,0,0,1,1,0,0
3695000.0,1,5,3,33,0,0,0,0,0,0,0,0,0,0,0,0,0,0,0,0,0,0,0,1,0,44,9,3,1,130,0,0,1,0,0,1,0,1,0,0,1
1415000.0,1,3,2,1,0,1,0,0,0,0,0,0,0,0,0,0,0,0,0,0,0,0,0,0,0,8,10,2,1,70,0,0,1,0,0,1,1,0,1,0,0
2999999.0,1,11,0,0,0,0,0,0,0,0,0,0,0,0,0,0,1,0,0,0,0,0,0,0,0,38,9,2,1,65,0,0,1,0,0,1,0,1,1,0,0
2380000.0,1,3,0,1,0,0,0,0,0,0,0,0,0,0,0,0,0,0,0,0,0,0,0,0,0,7,10,1,1,50,1,0,0,0,1,0,1,0,1,0,0
2475000.0,1,5,3,2,0,0,0,0,0,0,0,0,0,0,0,0,0,0,0,0,0,0,0,0,0,11,10,1,1,57,0,0,1,0,0,1,1,0,1,0,0
2150000.0,1,3,-1,0,0,0,0,0,0,0,0,0,0,0,0,0,1,0,0,0,0,0,0,0,0,2,10,1,1,50,1,0,0,0,0,1,1,0,1,0,0
3750000.0,1,5,2,4,0,0,0,0,0,0,0,0,0,0,0,0,0,0,0,0,0,0,0,0,0,7,10,2,1,70,1,0,0,0,0,1,1,0,1,0,0
3500000.0,1,4,2,25,0,0,0,0,0,0,0,0,0,0,0,0,0,0,0,1,0,0,0,0,0,28,9,3,1,110,0,0,1,0,0,1,0,1,0,1,0
1360000.0,1,5,3,1,0,0,0,1,0,0,0,0,0,0,0,0,0,0,0,0,0,0,0,0,0,8,10,1,1,40,0,0,1,0,0,1,1,0,1,0,0
4000000.0,1,3,0,7,0,0,0,0,0,0,0,0,0,0,0,1,0,0,0,0,0,0,0,0,0,11,10,3,1,101,0,0,1,0,0,1,0,1,0,0,1
2400000.0,1,2,0,7,0,1,0,0,0,0,0,0,0,0,0,0,0,0,0,0,0,0,0,0,0,17,10,1,1,45,1,0,0,0,0,1,1,0,0,0,1
1115000.0,1,4,1,0,0,0,0,0,0,0,0,0,0,0,0,0,1,0,0,0,0,0,0,0,0,5,10,1,1,50,1,0,0,0,0,1,1,0,1,0,0
1100000.0,1,4,3,0,0,1,0,0,0,0,0,0,0,0,0,0,0,0,0,0,0,0,0,0,0,21,10,1,1,51,0,0,1,0,0,1,1,0,1,0,0
1440000.0,1,4,2,1,0,0,0,0,0,0,0,0,0,0,0,0,0,0,0,0,0,0,0,0,0,6,10,2,1,80,0,0,1,0,1,0,1,0,1,0,0
4650000.0,2,4,1,26,0,0,0,0,0,0,0,0,0,0,0,0,0,0,0,0,0,0,0,0,0,55,8,3,1,135,0,0,1,0,0,1,0,1,1,0,0
3599999.0,1,3,3,0,0,0,0,0,0,0,0,0,0,0,0,0,0,0,0,0,0,0,0,0,1,13,10,2,1,80,0,0,1,0,1,0,0,1,0,1,0
3250000.0,1,4,4,5,0,0,0,0,0,0,0,0,0,0,0,0,1,0,0,0,0,0,0,0,0,8,10,1,1,59,1,0,0,0,1,0,0,1,1,0,0
2550000.0,1,3,0,0,0,1,0,0,0,0,0,0,0,0,0,0,0,0,0,0,0,0,0,0,0,9,10,1,1,55,1,0,0,0,0,1,1,0,0,0,1
2950000.0,2,5,4,16,0,0,0,0,0,0,0,1,0,0,0,0,0,0,0,0,0,0,0,0,0,2,10,3,1,120,0,0,1,0,1,0,0,1,0,1,0
2300000.0,1,4,2,4,0,0,0,0,0,0,0,0,0,0,0,0,0,0,0,0,0,0,0,0,1,10,10,1,1,50,0,0,1,0,1,0,1,0,0,0,1
6800000.0,1,8,8,9,0,0,0,0,0,0,0,0,0,0,0,0,0,0,0,0,0,0,0,0,1,5,10,3,1,130,0,0,1,0,1,0,0,1,1,0,0
4900000.0,1,4,0,32,0,0,0,0,0,0,0,0,0,0,0,0,0,0,0,0,0,0,0,1,0,7,10,2,1,100,0,0,1,0,0,1,0,1,1,0,0
3700000.0,1,5,4,21,0,0,0,0,0,0,0,0,0,0,0,0,0,0,0,0,0,0,0,1,0,26,9,2,1,75,0,0,1,0,0,1,0,1,0,1,0
3150000.0,1,3,2,7,0,0,0,0,0,0,1,0,0,0,0,0,0,0,0,0,0,0,0,0,0,17,10,2,1,65,0,0,1,0,0,1,0,1,1,0,0
4150000.0,1,5,1,0,0,0,0,0,0,0,0,0,0,0,0,0,0,0,1,0,0,0,0,0,0,10,10,2,1,75,0,0,1,0,1,0,0,1,0,0,1
2800000.0,1,2,2,5,0,0,0,1,0,0,0,0,0,0,0,0,0,0,0,0,0,0,0,0,0,12,10,2,1,70,0,0,1,0,1,0,1,0,1,0,0
6500000.0,1,7,7,16,0,1,0,0,0,0,0,0,0,0,0,0,0,0,0,0,0,0,0,0,0,3,10,3,1,135,0,0,1,0,1,0,0,1,1,0,0
4750000.0,1,4,3,0,0,1,0,0,0,0,0,0,0,0,0,0,0,0,0,0,0,0,0,0,0,6,10,1,1,50,0,0,1,0,0,1,0,1,1,0,0
2350000.0,1,2,2,4,0,0,0,0,0,0,0,0,0,0,0,0,0,0,0,0,0,0,0,0,1,12,10,1,1,37,0,0,1,0,0,1,1,0,1,0,0
8500000.0,2,9,8,1,0,0,0,0,1,0,0,0,0,0,0,0,0,0,0,0,0,0,0,0,0,30,9,2,1,90,0,0,0,1,0,1,1,0,0,1,0
2850000.0,1,3,0,11,0,0,0,0,0,0,0,0,0,0,0,0,0,0,0,0,0,0,0,0,0,4,10,2,1,68,1,0,0,0,0,1,1,0,0,0,1
3600000.0,1,11,4,0,0,0,0,0,0,0,0,0,0,0,0,0,1,0,0,0,0,0,0,0,0,8,10,1,1,40,0,1,0,0,0,1,0,1,1,0,0
2530000.0,1,4,2,0,0,0,0,0,0,0,0,0,0,0,0,0,0,0,0,0,0,0,0,0,1,40,9,1,1,52,0,0,1,0,0,1,1,0,0,0,1
4750000.0,1,4,2,0,0,0,0,0,0,0,0,0,0,0,0,0,0,1,0,0,0,0,0,0,0,5,10,2,1,65,0,0,0,1,0,1,0,1,1,0,0
3950000.0,1,3,3,31,0,0,0,0,0,0,0,0,0,0,0,0,0,0,0,1,0,0,0,0,0,10,10,3,1,130,0,0,1,0,1,0,0,1,0,1,0
3100000.0,1,4,2,5,0,0,0,0,0,0,0,0,0,0,0,0,1,0,0,0,0,0,0,0,0,3,10,1,1,45,1,0,0,0,1,0,1,0,1,0,0
2725000.0,1,3,2,8,0,1,0,0,0,0,0,0,0,0,0,0,0,0,0,0,0,0,0,0,0,31,9,1,1,40,1,0,0,0,0,1,1,0,1,0,0
2495000.0,1,3,2,2,0,0,0,0,0,0,0,0,0,0,0,0,0,0,0,1,0,0,0,0,0,23,10,1,1,45,0,0,1,0,0,1,1,0,0,0,1
3950000.0,1,4,3,22,0,0,0,0,0,0,0,0,0,0,0,1,0,0,0,0,0,0,0,0,0,4,10,3,1,125,0,0,1,0,1,0,0,1,1,0,0
7600000.0,1,4,0,7,0,0,0,0,0,0,0,0,1,0,0,0,0,0,0,0,0,0,0,0,0,31,9,3,1,145,0,0,1,0,1,0,0,1,1,0,0
4450000.0,2,5,0,7,0,0,0,0,0,0,0,0,0,0,0,0,0,0,0,1,0,0,0,0,0,5,10,3,1,102,0,0,1,0,0,1,0,1,1,0,0
3900000.0,1,3,3,25,0,0,0,0,0,1,0,0,0,0,0,0,0,0,0,0,0,0,0,0,0,2,10,2,1,88,0,0,1,0,0,1,0,1,0,1,0
2950000.0,1,4,2,1,0,0,0,0,0,0,0,0,1,0,0,0,0,0,0,0,0,0,0,0,0,7,10,1,1,50,0,0,0,1,1,0,0,1,1,0,0
2650000.0,1,3,2,0,0,1,0,0,0,0,0,0,0,0,0,0,0,0,0,0,0,0,0,0,0,9,10,1,1,40,0,0,1,0,0,1,0,1,0,0,1
6100000.0,1,4,3,1,0,0,0,0,0,0,0,0,0,0,0,0,0,0,0,1,0,0,0,0,0,4,10,3,1,120,0,0,0,1,0,1,0,1,1,0,0
5100000.0,1,5,0,5,0,0,0,0,0,0,0,0,0,0,0,0,0,0,0,1,0,0,0,0,0,60,8,2,1,165,0,0,1,0,0,1,1,0,0,1,0
2900000.0,1,3,3,16,0,0,0,0,0,0,0,0,0,0,0,0,0,0,0,0,0,1,0,0,0,15,10,2,1,85,0,0,1,0,1,0,0,1,0,0,1
6350000.0,2,9,2,1,0,0,0,1,0,0,0,0,0,0,0,0,0,0,0,0,0,0,0,0,0,11,10,3,1,125,0,0,1,0,0,1,0,1,1,0,0
4320000.0,1,5,5,31,0,0,0,0,0,0,0,0,0,0,0,0,0,0,0,1,0,0,0,0,0,5,10,3,1,126,0,0,1,0,0,1,0,1,0,0,1
1840000.0,1,5,4,1,0,0,0,0,0,0,0,0,0,0,0,0,1,0,0,0,0,0,0,0,0,2,10,1,1,55,0,0,1,0,1,0,1,0,0,0,1
2850000.0,1,5,0,7,0,0,0,0,0,0,0,0,0,0,0,0,1,0,0,0,0,0,0,0,0,54,9,2,1,85,1,0,0,0,0,1,0,1,1,0,0
3700000.0,1,4,1,38,0,0,0,0,0,0,0,0,0,0,0,0,0,0,0,1,0,0,0,0,0,5,10,3,1,128,0,0,1,0,1,0,0,1,1,0,0
3000000.0,1,5,5,0,0,0,0,0,0,0,0,0,0,0,0,0,0,0,0,0,0,0,0,0,0,11,10,1,1,45,0,1,0,0,0,1,1,0,1,0,0
2800000.0,1,5,5,40,0,0,0,0,0,0,0,0,0,0,0,0,0,0,0,1,0,0,0,0,0,2,10,2,1,70,1,0,0,0,1,0,0,1,1,0,0
5250000.0,1,5,5,0,0,0,0,0,0,0,0,0,0,0,0,0,0,1,0,0,0,0,0,0,0,60,8,2,1,88,0,0,1,0,0,1,0,1,1,0,0
5200000.0,1,5,4,26,0,0,0,0,0,1,0,0,0,0,0,0,0,0,0,0,0,0,0,0,0,30,9,3,1,140,0,0,1,0,0,1,0,1,0,1,0
4350000.0,1,3,1,25,1,0,0,0,0,0,0,0,0,0,0,0,0,0,0,0,0,0,0,0,0,4,10,3,1,105,0,0,1,0,0,1,0,1,0,1,0
4550000.0,1,10,3,1,0,0,0,0,0,0,0,0,0,0,0,0,0,0,0,0,0,0,0,0,1,54,9,2,1,85,0,0,1,0,1,0,0,1,1,0,0
2750000.0,1,4,2,5,0,0,0,0,0,0,0,0,0,0,0,0,0,0,0,0,0,0,0,0,0,4,10,1,1,50,1,0,0,0,0,1,1,0,0,0,1
4600000.0,1,9,4,20,0,0,0,1,0,0,0,0,0,0,0,0,0,0,0,0,0,0,0,0,0,20,10,3,1,100,0,0,1,0,1,0,0,1,1,0,0
2650000.0,1,4,4,42,0,0,0,0,0,0,0,0,0,0,0,0,0,1,0,0,0,0,0,0,0,4,10,3,1,100,0,0,1,0,1,0,0,1,1,0,0
3950000.0,1,3,2,25,0,0,0,0,0,1,0,0,0,0,0,0,0,0,0,0,0,0,0,0,0,23,10,2,1,90,0,0,1,0,0,1,0,1,0,1,0
5500000.0,1,8,5,0,0,1,0,0,0,0,0,0,0,0,0,0,0,0,0,0,0,0,0,0,0,7,10,1,1,40,0,0,0,1,1,0,1,0,1,0,0
6970000.0,1,8,3,0,0,0,0,0,0,0,1,0,0,0,0,0,0,0,0,0,0,0,0,0,0,11,10,2,1,85,0,0,0,1,1,0,0,1,0,1,0
12000000.0,2,13,7,4,0,0,0,1,0,0,0,0,0,0,0,0,0,0,0,0,0,0,0,0,0,10,10,3,1,157,0,0,0,1,0,1,0,1,1,0,0
4200000.0,1,10,7,23,0,0,0,0,0,0,0,0,0,0,0,0,0,0,0,0,1,0,0,0,0,4,10,3,1,110,0,0,1,0,1,0,0,1,1,0,0
5475000.0,2,4,2,1,0,0,0,0,0,0,0,0,0,1,0,0,0,0,0,0,0,0,0,0,0,35,9,3,1,140,0,0,1,0,0,1,0,1,0,0,1
2840000.0,1,3,0,5,0,0,0,0,0,0,0,0,0,0,0,0,0,0,0,0,0,0,0,0,0,11,10,1,1,70,0,0,1,0,0,1,1,0,1,0,0
3625000.0,1,4,4,8,0,0,0,0,0,0,0,0,0,0,0,1,0,0,0,0,0,0,0,0,0,5,10,2,1,65,0,0,1,0,0,1,0,1,0,1,0
3720000.0,1,3,3,5,0,0,0,0,0,0,0,0,1,0,0,0,0,0,0,0,0,0,0,0,0,8,10,2,1,88,0,0,1,0,0,1,0,1,1,0,0
4150000.0,1,3,3,17,0,0,0,0,0,0,0,0,1,0,0,0,0,0,0,0,0,0,0,0,0,25,9,3,1,125,0,0,1,0,0,1,0,1,0,1,0
6750000.0,2,3,3,30,0,0,0,0,0,0,0,0,0,0,0,0,0,0,1,0,0,0,0,0,0,38,9,2,1,140,0,0,1,0,1,0,0,1,0,1,0
2075000.0,1,3,0,5,0,1,0,0,0,0,0,0,0,0,0,0,0,0,0,0,0,0,0,0,0,8,10,1,1,50,0,0,1,0,0,1,1,0,0,0,1
2600000.0,1,4,3,20,0,0,0,0,0,0,0,1,0,0,0,0,0,0,0,0,0,0,0,0,0,22,10,3,1,120,0,0,1,0,1,0,0,1,1,0,0
1930000.0,1,4,0,11,0,0,0,0,0,0,0,0,0,0,0,0,0,0,0,0,0,0,0,0,0,4,10,1,1,40,0,0,1,0,0,1,0,1,0,0,1
3300000.0,1,4,0,8,0,0,0,0,0,0,0,0,0,0,0,1,0,0,0,0,0,0,0,0,0,17,10,2,1,84,0,0,1,0,0,1,1,0,1,0,0
2850000.0,1,3,2,8,0,0,0,0,0,0,0,0,0,0,0,0,0,0,0,0,0,0,0,0,0,15,10,1,1,55,1,0,0,0,1,0,1,0,1,0,0
4100000.0,1,5,2,7,0,0,0,0,0,0,0,0,1,0,0,0,0,0,0,0,0,0,0,0,0,3,10,2,1,70,0,0,1,0,1,0,1,0,0,0,1
3600000.0,1,3,0,10,0,0,0,0,0,0,0,0,0,0,0,0,0,0,0,0,0,0,0,0,0,2,10,3,1,100,1,0,0,0,1,0,0,1,0,0,1
4300000.0,1,4,0,0,0,0,0,0,0,0,0,0,0,0,0,0,0,0,0,0,1,0,0,0,0,40,9,2,1,60,0,0,1,0,0,1,0,1,1,0,0
2250000.0,1,3,2,1,0,0,0,0,0,0,0,0,0,0,0,0,0,0,0,0,0,0,0,0,0,7,10,1,1,52,0,0,1,0,1,0,1,0,1,0,0
4500000.0,1,4,1,5,0,0,0,0,0,0,0,0,0,0,0,0,0,0,0,1,0,0,0,0,0,20,10,3,1,124,0,0,1,0,0,1,0,1,0,1,0
4600000.0,1,3,2,20,0,0,0,0,0,0,1,0,0,0,0,0,0,0,0,0,0,0,0,0,0,32,9,3,1,115,0,0,1,0,1,0,0,1,0,1,0
3150000.0,1,4,0,40,0,0,0,0,0,0,0,0,1,0,0,0,0,0,0,0,0,0,0,0,0,3,10,3,1,105,0,0,1,0,1,0,0,1,1,0,0
8400000.0,2,4,1,0,0,0,0,0,0,0,0,0,0,0,0,0,0,0,0,0,0,1,0,0,0,10,10,3,1,145,0,0,1,0,0,1,0,1,1,0,0
3500000.0,1,3,3,7,0,1,0,0,0,0,0,0,0,0,0,0,0,0,0,0,0,0,0,0,0,10,10,1,1,59,0,0,1,0,0,1,1,0,0,0,1
4750000.0,2,4,0,7,0,0,0,0,0,0,0,0,1,0,0,0,0,0,0,0,0,0,0,0,0,8,10,2,1,118,0,0,1,0,0,1,0,1,0,1,0
3725000.0,2,3,2,26,0,0,1,0,0,0,0,0,0,0,0,0,0,0,0,0,0,0,0,0,0,3,10,3,1,95,0,0,1,0,0,1,0,1,1,0,0
2375000.0,1,3,0,4,0,0,0,0,0,0,0,0,0,0,0,0,0,0,0,1,0,0,0,0,0,4,10,1,1,45,1,0,0,0,0,1,1,0,1,0,0
6500000.0,1,4,2,11,0,0,0,0,0,0,0,0,0,0,0,1,0,0,0,0,0,0,0,0,0,17,10,3,1,160,0,0,1,0,0,1,0,1,0,1,0
3200000.0,1,4,0,0,0,0,0,0,0,0,0,1,0,0,0,0,0,0,0,0,0,0,0,0,0,2,10,2,1,75,0,0,1,0,0,1,0,1,1,0,0
3500000.0,1,4,4,26,0,0,0,0,0,0,0,0,0,0,0,0,0,0,0,0,0,0,0,1,0,51,9,2,1,85,0,0,1,0,1,0,0,1,1,0,0
3700000.0,1,4,2,30,0,0,0,0,0,1,0,0,0,0,0,0,0,0,0,0,0,0,0,0,0,12,10,3,1,100,0,0,1,0,0,1,0,1,1,0,0
1290000.0,1,4,2,0,0,1,0,0,0,0,0,0,0,0,0,0,0,0,0,0,0,0,0,0,0,5,10,1,1,50,0,0,1,0,0,1,1,0,1,0,0
2550000.0,1,2,2,5,0,0,0,0,0,0,0,0,0,0,0,0,0,0,0,0,1,0,0,0,0,49,9,1,1,55,0,0,1,0,0,1,1,0,0,1,0
1215000.0,1,4,3,0,0,1,0,0,0,0,0,0,0,0,0,0,0,0,0,0,0,0,0,0,0,21,10,1,1,55,0,0,1,0,1,0,1,0,1,0,0
4150000.0,1,4,2,8,0,0,0,0,0,0,0,0,0,0,0,0,0,0,0,0,0,1,0,0,0,24,10,2,1,80,0,0,1,0,1,0,0,1,1,0,0
4300000.0,1,7,2,25,0,0,0,1,0,0,0,0,0,0,0,0,0,0,0,0,0,0,0,0,0,5,10,3,1,140,0,0,1,0,0,1,0,1,0,1,0
2075000.0,1,4,3,1,0,0,0,0,0,0,0,0,0,0,0,0,1,0,0,0,0,0,0,0,0,2,10,1,1,55,0,0,0,1,1,0,1,0,0,0,1
3650000.0,1,3,2,7,0,0,0,0,0,0,0,0,0,0,0,0,0,0,0,0,0,0,0,0,1,5,10,2,1,80,0,0,1,0,0,1,0,1,0,0,1
5950000.0,1,4,0,16,0,0,0,1,0,0,0,0,0,0,0,0,0,0,0,0,0,0,0,0,0,7,10,3,1,135,0,0,0,1,1,0,0,1,0,1,0
5299000.0,2,6,4,22,0,0,0,1,0,0,0,0,0,0,0,0,0,0,0,0,0,0,0,0,0,16,10,3,1,125,0,0,1,0,0,1,0,1,0,0,1
2780000.0,1,3,2,1,0,0,0,0,0,0,0,0,0,0,0,0,0,0,0,0,0,0,0,0,0,17,10,1,1,50,1,0,0,0,0,1,1,0,0,0,1
3600000.0,1,4,0,26,0,0,0,0,0,0,0,0,0,0,0,0,0,0,0,0,0,0,0,1,0,5,10,3,1,110,0,0,1,0,0,1,0,1,0,1,0
4300000.0,1,6,2,25,0,0,0,0,0,1,0,0,0,0,0,0,0,0,0,0,0,0,0,0,0,23,10,2,1,100,0,0,1,0,0,1,0,1,0,1,0
5250000.0,1,9,9,17,0,0,0,0,0,0,0,0,0,0,0,1,0,0,0,0,0,0,0,0,0,20,10,3,1,135,0,0,1,0,1,0,0,1,1,0,0
4390000.0,2,3,1,13,0,0,0,0,0,0,0,0,0,0,0,1,0,0,0,0,0,0,0,0,0,31,9,3,1,115,0,0,1,0,0,1,0,1,0,0,1
2900000.0,2,5,4,1,0,0,0,0,1,0,0,0,0,0,0,0,0,0,0,0,0,0,0,0,0,2,10,3,1,110,0,0,1,0,1,0,0,1,0,0,1
3750000.0,1,3,3,35,0,0,0,0,0,0,0,0,1,0,0,0,0,0,0,0,0,0,0,0,0,8,10,3,1,125,0,0,1,0,0,1,0,1,1,0,0
3400000.0,1,11,9,5,0,0,0,0,0,0,0,0,0,0,0,0,1,0,0,0,0,0,0,0,0,4,10,1,1,40,0,0,0,1,0,1,1,0,0,0,1
3570000.0,1,2,2,2,0,0,0,0,0,0,0,0,0,0,0,0,0,0,0,0,0,0,0,0,0,7,10,2,1,80,0,0,1,0,0,1,0,1,1,0,0
2700000.0,1,7,2,1,0,0,0,0,0,0,0,0,0,0,0,0,1,0,0,0,0,0,0,0,0,4,10,1,1,55,0,0,1,0,0,1,1,0,0,0,1
4000000.0,1,2,0,0,0,0,0,0,0,0,0,0,0,0,0,0,0,0,0,1,0,0,0,0,0,23,10,2,1,90,0,0,1,0,0,1,0,1,1,0,0
5950000.0,1,5,2,12,0,0,0,1,0,0,0,0,0,0,0,0,0,0,0,0,0,0,0,0,0,19,10,3,1,120,0,1,0,0,1,0,0,1,1,0,0
2400000.0,1,3,3,5,0,0,0,0,0,0,0,0,0,0,0,0,1,0,0,0,0,0,0,0,0,12,10,1,1,55,0,0,1,0,1,0,1,0,1,0,0
4000000.0,1,4,4,24,0,0,0,0,0,0,0,0,0,0,0,0,0,0,0,0,0,1,0,0,0,3,10,3,1,140,0,0,1,0,1,0,0,1,1,0,0
11200000.0,1,10,7,6,0,0,0,0,0,0,0,0,0,0,0,0,0,0,0,0,0,0,0,0,1,24,10,3,1,155,0,1,0,0,1,0,0,1,1,0,0
3950000.0,1,3,3,30,0,0,0,0,0,1,0,0,0,0,0,0,0,0,0,0,0,0,0,0,0,4,10,3,1,120,0,0,1,0,0,1,0,1,0,0,1
4500000.0,1,4,3,1,0,0,0,0,0,0,0,0,0,0,0,0,0,0,0,0,1,0,0,0,0,24,10,1,1,45,0,0,1,0,0,1,1,0,1,0,0
3950000.0,1,8,8,25,0,0,0,1,0,0,0,0,0,0,0,0,0,0,0,0,0,0,0,0,0,5,10,2,1,100,0,0,1,0,0,1,1,0,0,1,0
4620000.0,2,4,2,10,0,0,0,0,0,0,0,0,0,0,0,0,0,0,1,0,0,0,0,0,0,4,10,3,1,95,0,0,1,0,0,1,0,1,0,0,1
2600000.0,1,2,0,5,0,0,0,0,0,0,0,0,0,0,0,0,0,0,0,0,0,0,1,0,0,56,8,2,1,80,0,0,1,0,0,1,0,1,0,1,0
2975000.0,1,4,3,0,0,0,0,0,0,0,0,0,1,0,0,0,0,0,0,0,0,0,0,0,0,44,9,1,1,48,0,0,1,0,0,1,0,1,1,0,0
3850000.0,1,3,2,0,0,0,0,0,0,0,0,0,0,0,0,0,0,0,1,0,0,0,0,0,0,2,10,2,1,75,0,0,1,0,1,0,0,1,1,0,0
3000000.0,1,5,2,1,0,0,0,0,0,0,0,0,0,0,0,0,0,0,0,0,1,0,0,0,0,2,10,1,1,45,0,0,1,0,0,1,1,0,1,0,0
4800000.0,1,3,1,15,0,0,0,0,0,0,0,0,0,0,0,0,0,0,0,0,1,0,0,0,0,4,10,3,1,90,0,0,1,0,1,0,1,0,1,0,0
3100000.0,1,2,2,0,0,0,0,0,0,0,0,0,0,0,0,0,0,0,0,0,0,0,0,0,0,21,10,1,1,50,0,0,1,0,0,1,0,1,1,0,0
4750000.0,1,3,3,0,0,0,0,0,0,0,0,0,0,0,0,0,0,0,0,1,0,0,0,0,0,24,10,3,1,110,0,0,1,0,0,1,0,1,1,0,0
3300000.0,1,4,3,0,0,0,0,0,0,0,0,0,0,0,0,0,1,0,0,0,0,0,0,0,0,11,10,1,1,40,0,0,0,1,0,1,0,1,1,0,0
3820000.0,2,5,3,1,0,0,0,0,0,0,0,0,1,0,0,0,0,0,0,0,0,0,0,0,0,7,10,2,1,120,0,0,1,0,0,1,0,1,1,0,0
2580000.0,1,6,4,1,0,1,0,0,0,0,0,0,0,0,0,0,0,0,0,0,0,0,0,0,0,65,8,1,1,55,1,0,0,0,1,0,1,0,0,0,1
4750000.0,1,5,1,25,0,0,0,0,0,0,0,0,0,0,0,0,0,0,0,0,0,1,0,0,0,7,10,3,1,95,0,0,1,0,1,0,0,1,0,0,1
2425000.0,1,3,0,5,0,0,0,0,0,0,0,0,0,0,0,0,0,0,0,0,0,0,0,0,0,4,10,1,1,40,0,0,1,0,0,1,1,0,1,0,0
4350000.0,1,9,1,0,0,0,0,0,1,0,0,0,0,0,0,0,0,0,0,0,0,0,0,0,0,20,10,1,1,42,0,1,0,0,0,1,1,0,1,0,0
4000000.0,2,4,2,6,0,0,0,0,1,0,0,0,0,0,0,0,0,0,0,0,0,0,0,0,0,4,10,3,1,90,0,0,1,0,0,1,0,1,1,0,0
3300000.0,1,2,2,1,0,0,0,0,0,0,0,0,0,0,0,0,0,0,0,1,0,0,0,0,0,23,10,2,1,75,0,0,1,0,1,0,0,1,1,0,0
5750000.0,2,4,3,1,0,0,0,0,0,0,0,0,0,0,0,0,0,0,0,1,0,0,0,0,0,3,10,3,1,125,0,0,1,0,1,0,0,1,1,0,0
3150000.0,1,2,0,0,0,0,0,0,0,0,0,0,0,0,0,0,0,0,0,1,0,0,0,0,0,4,10,2,1,80,0,0,1,0,0,1,0,1,1,0,0
6750000.0,2,5,2,12,0,0,0,0,0,1,0,0,0,0,0,0,0,0,0,0,0,0,0,0,0,44,9,3,1,180,0,0,1,0,0,1,0,1,0,0,1
2150000.0,1,4,2,3,0,0,0,0,0,0,0,0,0,0,0,0,1,0,0,0,0,0,0,0,0,3,10,1,1,54,0,0,1,0,0,1,1,0,1,0,0
3600000.0,1,4,4,26,1,0,0,0,0,0,0,0,0,0,0,0,0,0,0,0,0,0,0,0,0,17,10,3,1,135,0,0,1,0,0,1,0,1,0,1,0
4000000.0,1,2,2,1,0,0,0,0,0,0,0,0,0,1,0,0,0,0,0,0,0,0,0,0,0,3,10,2,1,90,0,0,1,0,0,1,0,1,1,0,0
3200000.0,1,3,2,24,0,0,0,0,0,0,0,0,0,0,0,0,0,0,0,0,0,0,1,0,0,2,10,2,1,102,1,0,0,0,1,0,0,1,0,1,0
7500000.0,2,4,0,28,0,0,0,0,0,0,0,0,0,0,0,0,0,0,0,0,0,0,0,1,0,68,8,3,1,160,0,0,1,0,1,0,0,1,0,1,0
4200000.0,1,4,0,21,0,0,0,0,0,1,0,0,0,0,0,0,0,0,0,0,0,0,0,0,0,20,10,2,1,100,0,0,1,0,1,0,0,1,0,1,0
4600000.0,1,9,3,0,0,0,0,0,0,0,0,0,0,0,1,0,0,0,0,0,0,0,0,0,0,51,9,2,1,59,0,1,0,0,0,1,0,1,1,0,0
6200000.0,2,10,10,1,0,0,0,0,0,0,0,0,0,0,0,0,0,0,0,1,0,0,0,0,0,6,10,3,1,120,0,0,1,0,0,1,0,1,0,1,0
3700000.0,1,7,7,16,0,0,0,0,0,0,1,0,0,0,0,0,0,0,0,0,0,0,0,0,0,6,10,3,1,130,0,0,1,0,1,0,0,1,1,0,0
4600000.0,1,4,3,13,0,0,0,0,0,0,0,0,1,0,0,0,0,0,0,0,0,0,0,0,0,30,9,3,1,117,0,0,1,0,0,1,0,1,0,1,0
3675000.0,1,5,3,26,0,0,0,0,0,0,0,0,0,0,1,0,0,0,0,0,0,0,0,0,0,4,10,2,1,75,0,0,1,0,1,0,0,1,1,0,0
2950000.0,1,3,2,7,0,0,0,0,0,0,0,0,0,0,0,0,1,0,0,0,0,0,0,0,0,8,10,1,1,55,0,0,1,0,0,1,0,1,0,0,1
3120000.0,1,5,4,0,0,0,0,0,0,0,0,0,0,0,0,0,0,0,0,0,0,0,0,0,0,11,10,1,1,50,0,0,1,0,0,1,0,1,0,0,1
5150000.0,2,4,3,24,0,0,0,0,0,0,0,0,0,0,0,0,0,0,0,0,0,1,0,0,0,20,10,3,1,130,0,0,1,0,1,0,0,1,1,0,0
3425000.0,1,5,1,0,0,0,0,0,0,0,0,0,0,0,0,0,1,0,0,0,0,0,0,0,0,25,9,1,1,45,0,0,1,0,0,1,0,1,1,0,0
3500000.0,1,3,3,2,0,0,0,0,0,0,0,0,0,0,0,0,0,0,0,0,0,0,0,0,0,11,10,1,1,45,0,0,1,0,0,1,1,0,0,0,1
6750000.0,1,4,2,24,0,0,0,0,0,0,0,0,0,0,0,1,0,0,0,0,0,0,0,0,0,43,9,3,1,130,0,0,1,0,1,0,1,0,0,0,1
5200000.0,1,4,3,0,0,0,0,0,0,0,0,0,0,0,0,0,0,0,0,1,0,0,0,0,0,23,10,3,1,120,0,0,1,0,0,1,0,1,0,1,0
2400000.0,1,3,3,40,0,0,0,0,0,0,0,0,0,0,0,0,0,0,0,0,0,0,0,0,0,30,9,3,1,130,1,0,0,0,0,1,0,1,0,0,1
2650000.0,1,4,0,0,0,0,0,0,0,0,0,0,1,0,0,0,0,0,0,0,0,0,0,0,0,22,10,1,1,38,0,0,1,0,0,1,0,1,1,0,0
1160000.0,1,4,3,1,0,0,0,0,0,0,0,0,0,0,0,0,0,0,0,0,0,0,0,0,0,5,10,1,1,60,0,0,1,0,1,0,0,1,1,0,0
3650000.0,2,4,4,26,0,0,0,0,0,0,0,0,0,0,0,0,0,0,1,0,0,0,0,0,0,40,9,3,1,115,0,0,1,0,0,1,0,1,1,0,0
2350000.0,1,2,2,4,0,0,0,0,0,0,0,0,0,0,0,0,0,0,0,0,0,0,0,0,0,10,10,1,1,50,0,0,1,0,0,1,1,0,0,0,1
4650000.0,1,3,2,2,0,0,0,0,0,0,0,0,0,0,0,1,0,0,0,0,0,0,0,0,0,7,10,2,1,70,0,0,1,0,0,1,1,0,0,0,1
2950000.0,1,2,2,0,0,0,0,0,0,0,0,1,0,0,0,0,0,0,0,0,0,0,0,0,0,5,10,2,1,80,0,0,1,0,1,0,0,1,1,0,0
4250000.0,1,4,0,25,0,0,0,0,0,0,0,0,0,0,0,0,0,0,0,0,0,0,0,1,0,73,8,2,1,110,0,0,1,0,0,1,0,1,0,1,0
5200000.0,1,5,3,1,0,0,0,0,0,0,0,0,0,0,0,0,0,0,0,0,1,0,0,0,0,5,10,2,1,75,0,0,1,0,0,1,0,1,1,0,0
4650000.0,1,4,4,11,0,0,0,0,0,0,0,0,0,0,0,0,0,0,0,0,0,0,0,0,1,4,10,2,1,75,0,1,0,0,0,1,0,1,0,1,0
2900000.0,2,4,-1,26,0,0,0,0,0,0,0,0,0,0,0,0,0,0,1,0,0,0,0,0,0,40,9,3,1,120,0,0,1,0,0,1,0,1,1,0,0
7600000.0,1,4,0,0,0,0,0,0,0,0,0,0,1,0,0,0,0,0,0,0,0,0,0,0,0,11,10,3,1,145,0,0,1,0,0,1,1,0,1,0,0
14500000.0,2,13,11,5,0,0,0,1,0,0,0,0,0,0,0,0,0,0,0,0,0,0,0,0,0,10,10,3,1,130,0,0,0,1,0,1,0,1,0,1,0
6750000.0,2,3,3,1,0,0,0,0,0,0,0,0,1,0,0,0,0,0,0,0,0,0,0,0,0,40,9,3,1,145,0,0,0,1,0,1,1,0,0,1,0
4150000.0,1,9,0,0,0,0,0,0,0,0,0,0,0,0,1,0,0,0,0,0,0,0,0,0,0,2,10,2,1,59,0,1,0,0,0,1,0,1,1,0,0
2650000.0,1,1,1,8,0,0,0,0,0,0,1,0,0,0,0,0,0,0,0,0,0,0,0,0,0,7,10,1,1,70,1,0,0,0,0,1,0,1,0,0,1
3650000.0,1,3,1,40,0,0,0,0,0,1,0,0,0,0,0,0,0,0,0,0,0,0,0,0,0,26,9,2,1,81,0,0,1,0,0,1,0,1,0,1,0
2950000.0,1,4,4,11,0,0,0,0,0,0,0,0,0,0,0,0,0,0,0,0,0,0,1,0,0,3,10,3,1,120,0,0,1,0,1,0,0,1,1,0,0
5100000.0,1,7,7,16,0,0,0,1,0,0,0,0,0,0,0,0,0,0,0,0,0,0,0,0,0,40,9,3,1,125,0,0,1,0,0,1,0,1,1,0,0
3199999.0,1,5,2,0,0,0,0,0,0,0,0,0,1,0,0,0,0,0,0,0,0,0,0,0,0,13,10,1,1,50,0,0,0,1,0,1,0,1,1,0,0
3600000.0,1,14,4,0,0,0,0,0,0,0,0,0,0,0,0,0,1,0,0,0,0,0,0,0,0,5,10,1,1,38,0,1,0,0,1,0,0,1,1,0,0
4950000.0,1,3,2,1,0,1,0,0,0,0,0,0,0,0,0,0,0,0,0,0,0,0,0,0,0,10,10,1,1,40,0,0,1,0,0,1,0,1,1,0,0
4700000.0,1,4,2,0,0,1,0,0,0,0,0,0,0,0,0,0,0,0,0,0,0,0,0,0,0,11,10,1,1,45,0,0,0,1,0,1,0,1,1,0,0
6750000.0,2,3,3,1,0,0,0,0,0,0,0,0,1,0,0,0,0,0,0,0,0,0,0,0,0,14,10,3,1,145,0,0,0,1,0,1,1,0,0,1,0
3600000.0,1,4,0,30,0,0,0,0,0,0,0,0,0,0,0,0,0,0,0,0,0,0,0,1,0,11,10,3,1,105,0,0,1,0,0,1,0,1,0,1,0
2650000.0,1,4,0,6,0,0,0,0,0,0,0,0,0,0,0,1,0,0,0,0,0,0,0,0,0,20,10,2,1,49,0,0,1,0,0,1,0,1,1,0,0
4250000.0,2,2,1,0,0,0,0,0,0,0,1,0,0,0,0,0,0,0,0,0,0,0,0,0,0,9,10,2,1,90,0,0,1,0,0,1,1,0,1,0,0
4000000.0,1,3,0,0,0,0,0,0,0,0,0,0,0,0,0,1,0,0,0,0,0,0,0,0,0,10,10,3,1,101,0,0,1,0,0,1,0,1,0,0,1
1220000.0,1,3,3,3,0,0,0,0,0,0,0,0,0,0,0,1,0,0,0,0,0,0,0,0,0,8,10,1,1,55,0,0,1,0,0,1,1,0,1,0,0
2900000.0,1,3,3,7,0,0,0,0,0,0,0,0,0,0,0,0,1,0,0,0,0,0,0,0,0,15,10,1,1,55,1,0,0,0,0,1,1,0,1,0,0
3450000.0,1,3,3,11,0,0,0,0,0,0,0,0,0,0,0,0,0,0,0,0,1,0,0,0,0,11,10,2,1,75,0,0,1,0,1,0,0,1,1,0,0
3250000.0,1,4,0,18,0,0,0,0,0,0,0,0,0,0,0,0,0,0,0,0,0,0,0,0,1,7,10,2,1,100,0,0,1,0,1,0,0,1,1,0,0
5500000.0,1,6,0,15,0,0,0,0,0,1,0,0,0,0,0,0,0,0,0,0,0,0,0,0,0,8,10,3,1,150,0,0,1,0,0,1,0,1,1,0,0
4500000.0,1,3,2,35,0,0,0,0,0,0,0,0,0,0,0,0,0,0,0,1,0,0,0,0,0,2,10,3,1,120,0,0,1,0,0,1,0,1,0,0,1
4145000.0,2,3,-2,9,0,0,0,0,0,0,1,0,0,0,0,0,0,0,0,0,0,0,0,0,0,10,10,2,1,90,0,0,1,0,1,0,1,0,1,0,0
2750000.0,1,9,3,0,0,1,0,0,0,0,0,0,0,0,0,0,0,0,0,0,0,0,0,0,0,15,10,1,1,47,1,0,0,0,0,1,1,0,0,0,1
6000000.0,2,4,-1,5,0,0,0,1,0,0,0,0,0,0,0,0,0,0,0,0,0,0,0,0,0,25,9,3,1,150,0,0,1,0,1,0,0,1,0,0,1
3200000.0,1,3,0,25,0,0,0,0,0,0,0,0,0,0,0,0,0,1,0,0,0,0,0,0,0,7,10,2,1,89,0,0,1,0,0,1,0,1,1,0,0
3750000.0,1,8,8,25,0,0,0,1,0,0,0,0,0,0,0,0,0,0,0,0,0,0,0,0,0,32,9,2,1,95,0,0,1,0,1,0,1,0,1,0,0
2725000.0,1,2,2,4,0,1,0,0,0,0,0,0,0,0,0,0,0,0,0,0,0,0,0,0,0,9,10,1,1,45,0,0,1,0,0,1,1,0,0,0,1
3090000.0,1,4,2,5,0,0,0,0,0,0,0,0,0,0,0,0,1,0,0,0,0,0,0,0,0,2,10,1,1,45,0,0,1,0,0,1,1,0,1,0,0
5100000.0,1,2,2,4,0,0,0,0,1,0,0,0,0,0,0,0,0,0,0,0,0,0,0,0,0,17,10,2,1,85,0,0,1,0,0,1,0,1,0,0,1
4200000.0,1,9,4,0,0,0,0,0,0,0,0,0,0,0,1,0,0,0,0,0,0,0,0,0,0,14,10,2,1,75,0,0,0,1,0,1,0,1,1,0,0
5000000.0,2,2,0,8,0,1,0,0,0,0,0,0,0,0,0,0,0,0,0,0,0,0,0,0,0,3,10,2,1,100,0,0,1,0,0,1,0,1,0,1,0
1315000.0,1,4,2,0,0,0,0,0,0,0,0,0,0,0,0,0,0,0,0,0,0,0,0,0,0,5,10,1,1,52,0,0,1,0,0,1,1,0,1,0,0
2525000.0,1,2,0,0,0,0,0,0,0,0,0,0,0,0,0,0,1,0,0,0,0,0,0,0,0,11,10,1,1,45,0,0,1,0,0,1,1,0,0,0,1
3725000.0,1,4,3,1,0,0,0,0,0,0,0,0,1,0,0,0,0,0,0,0,0,0,0,0,0,2,10,2,1,105,0,0,1,0,0,1,1,0,1,0,0
4500000.0,1,4,4,20,0,0,0,0,0,0,0,0,0,0,0,0,0,0,0,1,0,0,0,0,0,11,10,3,1,124,0,0,1,0,0,1,0,1,1,0,0
4650000.0,1,8,0,2,0,0,0,1,0,0,0,0,0,0,0,0,0,0,0,0,0,0,0,0,0,41,9,2,1,80,0,0,1,0,0,1,0,1,0,1,0
4500000.0,1,4,1,7,0,0,0,0,0,0,0,0,0,0,0,1,0,0,0,0,0,0,0,0,0,20,10,2,1,90,0,0,1,0,0,1,0,1,1,0,0
4125000.0,1,1,0,8,0,0,0,0,1,0,0,0,0,0,0,0,0,0,0,0,0,0,0,0,0,2,10,2,1,85,0,0,1,0,0,1,0,1,1,0,0
5500000.0,2,4,4,0,0,0,0,0,0,1,0,0,0,0,0,0,0,0,0,0,0,0,0,0,0,2,10,3,1,85,0,0,0,1,0,1,0,1,1,0,0
4325000.0,1,9,3,0,0,0,0,0,1,0,0,0,0,0,0,0,0,0,0,0,0,0,0,0,0,52,9,1,1,50,1,0,0,0,0,1,0,1,1,0,0
1475000.0,1,4,0,3,0,0,0,0,0,0,0,0,0,0,0,0,0,0,0,0,0,0,0,0,0,6,10,2,1,80,0,0,1,0,1,0,1,0,1,0,0
4750000.0,1,4,2,0,0,0,0,0,0,0,0,0,0,0,0,0,0,1,0,0,0,0,0,0,0,3,10,2,1,70,0,0,0,1,0,1,0,1,1,0,0
3750000.0,1,4,0,0,0,0,0,0,0,0,0,0,0,0,0,0,0,0,0,0,1,0,0,0,0,33,9,2,1,85,0,0,1,0,0,1,0,1,1,0,0
2650000.0,1,4,0,20,0,0,0,0,0,0,0,0,0,0,0,1,0,0,0,0,0,0,0,0,0,39,9,2,1,100,1,0,0,0,0,1,0,1,0,1,0
4250000.0,1,3,2,4,0,0,0,0,0,0,0,0,0,0,0,0,0,0,0,0,0,1,0,0,0,5,10,2,1,67,0,0,1,0,0,1,0,1,1,0,0
6800000.0,1,10,4,16,0,0,0,0,0,0,0,0,0,0,0,0,0,0,0,0,0,1,0,0,0,2,10,3,1,140,0,0,1,0,1,0,0,1,0,0,1
4730000.0,1,4,4,4,0,0,0,0,0,0,0,1,0,0,0,0,0,0,0,0,0,0,0,0,0,17,10,3,1,115,0,0,1,0,0,1,0,1,1,0,0
4145000.0,2,3,2,8,0,0,0,0,0,0,1,0,0,0,0,0,0,0,0,0,0,0,0,0,0,6,10,2,1,90,0,0,1,0,1,0,1,0,1,0,0
2850000.0,1,4,2,0,0,0,0,0,0,0,0,0,1,0,0,0,0,0,0,0,0,0,0,0,0,9,10,1,1,45,0,0,1,0,1,0,0,1,1,0,0
1650000.0,1,4,3,5,0,0,0,0,0,0,0,0,0,0,0,0,0,0,0,0,0,0,0,0,0,2,10,1,1,50,0,0,1,0,0,1,1,0,1,0,0
4250000.0,1,4,2,26,0,0,0,0,0,0,0,0,1,0,0,0,0,0,0,0,0,0,0,0,0,11,10,3,1,120,0,0,1,0,1,0,0,1,0,0,1
5500000.0,2,4,4,7,0,0,0,0,0,0,0,0,0,0,0,0,0,0,0,1,0,0,0,0,0,53,9,3,1,150,0,0,1,0,0,1,0,1,1,0,0
2790000.0,1,5,2,10,0,0,0,0,0,0,0,0,0,0,0,0,1,0,0,0,0,0,0,0,0,4,10,2,1,50,0,0,1,0,1,0,1,0,1,0,0
3100000.0,1,10,9,1,0,0,0,0,0,0,0,0,0,0,0,0,1,0,0,0,0,0,0,0,0,11,10,1,1,46,1,0,0,0,0,1,1,0,1,0,0
3600000.0,2,7,-2,26,0,0,0,0,0,1,0,0,0,0,0,0,0,0,0,0,0,0,0,0,0,23,10,3,1,135,0,0,1,0,1,0,0,1,1,0,0
3600000.0,1,5,0,1,0,0,0,0,0,0,0,0,0,0,0,0,0,0,0,1,0,0,0,0,0,5,10,2,1,90,0,0,1,0,0,1,0,1,0,1,0
1450000.0,2,4,3,0,0,0,0,0,0,0,0,0,0,0,0,0,1,0,0,0,0,0,0,0,0,21,10,2,1,87,0,0,1,0,1,0,1,0,1,0,0
3600000.0,1,5,4,20,0,0,0,0,0,0,0,0,0,0,0,0,0,1,0,0,0,0,0,0,0,22,10,3,1,125,0,0,1,0,0,1,0,1,1,0,0
2650000.0,1,4,2,21,0,0,0,0,0,0,0,1,0,0,0,0,0,0,0,0,0,0,0,0,0,19,10,2,1,95,0,0,1,0,1,0,0,1,0,1,0
4975000.0,1,8,7,16,0,0,0,0,0,0,0,0,0,0,0,0,0,0,0,0,1,0,0,0,0,10,10,3,1,101,0,0,1,0,1,0,0,1,0,1,0
3500000.0,1,4,4,26,0,0,0,0,0,0,0,0,0,0,0,0,0,0,0,0,0,0,0,1,0,54,9,2,1,85,0,0,1,0,1,0,0,1,1,0,0
3650000.0,2,4,-1,1,0,0,0,0,0,0,0,0,0,1,0,0,0,0,0,0,0,0,0,0,0,20,10,2,1,120,0,0,1,0,0,1,0,1,1,0,0
12000000.0,2,13,7,4,0,0,0,1,0,0,0,0,0,0,0,0,0,0,0,0,0,0,0,0,0,5,10,3,1,157,0,0,0,1,0,1,0,1,1,0,0
3200000.0,1,4,3,2,0,0,0,0,0,0,0,0,0,0,0,0,0,0,0,0,0,1,0,0,0,11,10,1,1,40,0,0,0,1,0,1,1,0,1,0,0
4150000.0,1,3,1,25,0,0,0,0,0,0,0,0,0,0,0,0,0,0,0,1,0,0,0,0,0,18,10,3,1,115,0,0,1,0,0,1,0,1,1,0,0
4500000.0,1,8,1,25,0,0,0,0,0,0,0,0,0,0,0,0,1,0,0,0,0,0,0,0,0,32,9,3,1,118,0,0,1,0,1,0,0,1,0,1,0
5300000.0,1,3,3,11,0,0,0,0,0,0,0,0,0,0,0,1,0,0,0,0,0,0,0,0,0,6,10,3,1,110,0,0,1,0,0,1,0,1,0,1,0
2650000.0,1,2,1,3,0,0,0,0,0,0,0,0,0,0,0,0,0,0,0,0,0,0,1,0,0,3,10,1,1,75,0,0,1,0,0,1,0,1,0,1,0
5225000.0,1,4,0,0,0,0,0,0,0,0,0,0,0,0,0,0,0,0,0,1,0,0,0,0,0,11,10,3,1,118,0,0,1,0,1,0,0,1,0,1,0
4250000.0,1,4,2,3,0,0,0,0,0,0,0,0,0,1,0,0,0,0,0,0,0,0,0,0,0,23,10,3,1,90,0,0,1,0,1,0,0,1,1,0,0
6600000.0,1,3,2,14,0,0,0,0,0,0,0,0,0,0,0,0,0,0,1,0,0,0,0,0,0,2,10,3,1,160,0,0,1,0,1,0,0,1,1,0,0
1100000.0,1,4,3,1,0,0,0,0,0,0,0,0,0,0,0,0,1,0,0,0,0,0,0,0,0,5,10,1,1,60,0,0,1,0,1,0,1,0,0,0,1
5800000.0,1,10,0,5,0,0,0,0,0,0,0,0,0,0,0,0,0,0,0,1,0,0,0,0,0,22,10,2,1,76,0,1,0,0,1,0,0,1,0,0,1
3500000.0,1,2,4,5,0,0,0,0,0,0,0,0,0,1,0,0,0,0,0,0,0,0,0,0,0,2,10,3,1,120,0,0,1,0,0,1,0,1,0,1,0
2625000.0,1,2,1,5,0,1,0,0,0,0,0,0,0,0,0,0,0,0,0,0,0,0,0,0,0,2,10,1,1,40,0,0,1,0,1,0,1,0,0,0,1
4900000.0,1,9,5,0,0,0,0,0,0,0,0,0,0,0,1,0,0,0,0,0,0,0,0,0,0,7,10,2,1,60,0,1,0,0,0,1,0,1,1,0,0
5200000.0,2,7,6,16,0,0,0,1,0,0,0,0,0,0,0,0,0,0,0,0,0,0,0,0,0,49,9,3,1,125,0,0,1,0,0,1,0,1,0,0,1
3500000.0,1,3,2,31,1,0,0,0,0,0,0,0,0,0,0,0,0,0,0,0,0,0,0,0,0,9,10,3,1,118,0,0,1,0,0,1,0,1,0,0,1
4250000.0,1,9,2,1,0,0,0,0,0,0,0,0,0,0,1,0,0,0,0,0,0,0,0,0,0,2,10,2,1,75,0,0,0,1,0,1,0,1,1,0,0
2500000.0,1,5,5,21,0,0,0,0,0,0,0,1,0,0,0,0,0,0,0,0,0,0,0,0,0,37,9,2,1,100,0,0,1,0,1,0,0,1,0,1,0
3300000.0,1,12,8,0,0,0,0,0,0,0,0,0,0,0,0,0,1,0,0,0,0,0,0,0,0,15,10,1,1,40,0,0,0,1,0,1,0,1,1,0,0
5500000.0,2,3,3,1,0,0,0,0,0,0,0,0,0,0,0,0,0,0,0,1,0,0,0,0,0,2,10,2,1,80,0,0,1,0,1,0,0,1,0,1,0
4350000.0,1,3,3,10,0,0,0,0,0,0,0,0,0,0,0,0,0,0,0,0,0,1,0,0,0,12,10,3,1,130,0,0,1,0,0,1,0,1,1,0,0
3200000.0,1,4,3,2,0,0,0,0,0,0,0,0,0,0,0,0,0,0,0,0,0,1,0,0,0,40,9,1,1,40,0,0,0,1,0,1,1,0,1,0,0
5600000.0,1,4,4,31,0,0,0,0,0,1,0,0,0,0,0,0,0,0,0,0,0,0,0,0,0,9,10,3,1,146,0,0,1,0,0,1,0,1,0,1,0
3900000.0,1,8,4,16,0,0,0,0,0,0,0,0,0,0,0,0,0,0,0,1,0,0,0,0,0,27,9,3,1,125,0,0,1,0,0,1,0,1,1,0,0
3000000.0,1,4,2,0,0,0,0,0,0,0,0,0,1,0,0,0,0,0,0,0,0,0,0,0,0,32,9,1,1,50,0,0,1,0,0,1,0,1,0,0,1
2525000.0,1,2,2,4,0,0,0,0,0,0,0,0,0,0,0,0,1,0,0,0,0,0,0,0,0,2,10,1,1,50,1,0,0,0,0,1,1,0,1,0,0
1245000.0,1,5,4,1,0,0,0,0,0,0,0,0,0,0,0,0,0,0,0,0,1,0,0,0,0,8,10,1,1,50,0,0,1,0,1,0,1,0,1,0,0
1740000.0,1,4,1,5,0,0,0,0,0,0,0,0,0,0,0,0,1,0,0,0,0,0,0,0,0,2,10,1,1,50,0,0,1,0,0,1,1,0,1,0,0
5500000.0,2,7,4,26,0,0,0,0,0,0,0,0,0,0,0,0,0,0,0,0,0,0,0,0,1,5,10,3,1,125,0,0,1,0,1,0,0,1,0,1,0
4150000.0,1,4,0,30,0,0,0,0,0,0,0,0,0,0,0,0,0,0,0,0,0,0,0,1,0,7,10,3,1,125,0,0,1,0,0,1,1,0,1,0,0
4100000.0,2,4,0,0,0,0,0,0,0,0,0,0,0,0,0,1,0,0,0,0,0,0,0,0,0,34,9,2,1,110,0,0,1,0,1,0,0,1,1,0,0
4200000.0,1,4,3,0,0,0,0,0,0,0,0,0,0,0,0,0,0,0,1,0,0,0,0,0,0,40,9,2,1,65,0,0,1,0,0,1,0,1,1,0,0
4100000.0,1,4,1,25,0,0,0,0,0,0,0,0,0,0,0,0,0,0,0,1,0,0,0,0,0,42,9,3,1,120,0,0,1,0,1,0,0,1,0,0,1
2100000.0,1,4,0,29,0,0,1,0,0,0,0,0,0,0,0,0,0,0,0,0,0,0,0,0,0,2,10,1,1,30,1,0,0,0,0,1,1,0,1,0,0
3400000.0,1,3,3,30,0,0,0,0,0,0,0,0,0,0,0,0,0,0,0,1,0,0,0,0,0,7,10,3,1,120,0,0,1,0,1,0,0,1,0,1,0
3350000.0,1,2,2,3,0,0,0,0,0,0,0,0,0,0,0,0,0,0,0,0,0,0,0,0,0,7,10,2,1,70,0,0,1,0,0,1,1,0,0,1,0
2525000.0,1,2,0,0,0,0,0,0,0,0,0,0,0,0,0,0,1,0,0,0,0,0,0,0,0,11,10,1,1,45,0,0,1,0,0,1,1,0,0,0,1
7150000.0,2,6,5,8,0,0,0,0,0,0,0,0,0,0,0,0,0,0,0,0,0,1,0,0,0,3,10,3,1,135,0,0,1,0,1,0,0,1,0,1,0
4650000.0,1,3,3,13,0,0,0,0,0,0,0,0,0,0,0,0,0,0,0,0,0,1,0,0,0,16,10,2,1,109,0,0,1,0,1,0,0,1,0,1,0
3950000.0,1,4,2,18,0,1,0,0,0,0,0,0,0,0,0,0,0,0,0,0,0,0,0,0,0,22,10,3,1,120,0,0,1,0,1,0,0,1,1,0,0
4750000.0,1,3,2,17,0,0,0,0,0,0,0,0,0,0,0,0,1,0,0,0,0,0,0,0,0,5,10,3,1,115,0,0,1,0,0,1,0,1,0,1,0
3450000.0,1,6,1,21,0,0,0,0,0,0,0,0,0,0,0,0,1,0,0,0,0,0,0,0,0,6,10,3,1,115,0,0,1,0,1,0,0,1,1,0,0
3800000.0,1,4,0,21,0,0,0,0,0,0,0,0,0,0,0,0,0,0,0,0,0,0,0,0,1,7,10,3,1,90,0,0,1,0,1,0,0,1,1,0,0
3750000.0,1,4,4,40,0,0,0,0,0,0,0,0,0,0,0,0,0,0,0,1,0,0,0,0,0,3,10,3,1,135,1,0,0,0,1,0,0,1,1,0,0
3550000.0,1,2,2,2,0,0,0,0,0,0,0,0,0,0,0,0,0,0,0,0,0,0,0,0,0,22,10,1,1,66,0,0,1,0,0,1,1,0,1,0,0
5000000.0,2,4,4,4,0,0,0,0,0,0,0,0,0,1,0,0,0,0,0,0,0,0,0,0,0,45,9,3,1,91,0,1,0,0,0,1,0,1,1,0,0
5500000.0,1,4,1,26,0,0,0,0,0,1,0,0,0,0,0,0,0,0,0,0,0,0,0,0,0,10,10,3,1,120,0,0,1,0,1,0,0,1,0,0,1
2050000.0,1,4,1,4,0,0,0,0,0,0,0,0,0,0,0,0,0,0,0,0,0,0,0,0,0,8,10,1,1,42,1,0,0,0,0,1,1,0,0,0,1
4700000.0,1,4,3,2,0,0,0,0,0,0,0,0,0,0,0,0,0,0,0,1,0,0,0,0,0,5,10,2,1,105,0,0,1,0,0,1,0,1,1,0,0
3600000.0,1,6,0,20,0,0,0,0,0,0,0,0,0,0,0,0,0,0,0,0,0,0,1,0,0,14,10,3,1,120,0,0,1,0,0,1,0,1,0,1,0
4200000.0,1,4,3,19,0,0,1,0,0,0,0,0,0,0,0,0,0,0,0,0,0,0,0,0,0,2,10,3,1,118,0,0,1,0,1,0,0,1,1,0,0
6800000.0,2,4,2,16,0,0,0,0,0,1,0,0,0,0,0,0,0,0,0,0,0,0,0,0,0,5,10,3,1,120,0,0,1,0,0,1,0,1,0,0,1
3200000.0,1,4,4,5,0,0,0,0,0,0,0,0,1,0,0,0,0,0,0,0,0,0,0,0,0,12,10,2,1,85,0,0,1,0,1,0,0,1,1,0,0
7750000.0,2,7,2,16,0,0,0,1,0,0,0,0,0,0,0,0,0,0,0,0,0,0,0,0,0,3,10,3,1,115,0,0,1,0,1,0,0,1,0,0,1
5750000.0,2,4,4,0,0,0,0,0,0,0,0,0,0,0,0,0,0,0,0,0,1,0,0,0,0,12,10,2,1,85,0,0,1,0,0,1,1,0,1,0,0
1430000.0,1,4,3,0,0,1,0,0,0,0,0,0,0,0,0,0,0,0,0,0,0,0,0,0,0,21,10,2,1,80,0,0,1,0,0,1,1,0,1,0,0
2850000.0,1,4,4,28,0,0,0,0,0,0,0,1,0,0,0,0,0,0,0,0,0,0,0,0,0,50,9,3,1,95,1,0,0,0,1,0,0,1,0,1,0
2925000.0,1,6,3,0,0,0,0,0,0,0,0,0,0,0,0,0,0,0,0,0,0,0,0,0,0,43,9,1,1,43,0,0,1,0,0,1,0,1,1,0,0
2490000.0,1,3,3,11,0,1,0,0,0,0,0,0,0,0,0,0,0,0,0,0,0,0,0,0,0,7,10,1,1,45,1,0,0,0,0,1,1,0,1,0,0
2925000.0,1,6,3,1,0,0,0,0,0,0,0,0,0,0,0,0,0,0,0,0,0,0,0,0,0,44,9,1,1,43,0,0,1,0,0,1,0,1,1,0,0
7500000.0,2,4,2,14,0,0,0,0,0,1,0,0,0,0,0,0,0,0,0,0,0,0,0,0,0,52,9,3,1,160,0,0,1,0,0,1,0,1,0,0,1
7350000.0,2,6,6,4,0,0,0,1,0,0,0,0,0,0,0,0,0,0,0,0,0,0,0,0,0,4,10,3,1,150,0,0,1,0,1,0,0,1,1,0,0
5650000.0,2,4,2,4,1,0,0,0,0,0,0,0,0,0,0,0,0,0,0,0,0,0,0,0,0,7,10,3,1,120,0,0,1,0,0,1,0,1,1,0,0
5500000.0,1,10,5,1,0,0,0,0,0,0,0,0,0,0,0,0,1,0,0,0,0,0,0,0,0,70,8,1,1,45,0,1,0,0,1,0,1,0,0,0,1
2425000.0,1,3,0,0,0,0,0,0,0,0,0,0,0,0,0,0,0,0,0,0,0,0,0,0,0,2,10,1,1,40,0,0,1,0,0,1,1,0,1,0,0
4200000.0,1,4,2,26,0,0,0,0,0,0,0,0,0,0,0,0,0,0,0,0,0,0,0,1,0,11,10,3,1,110,0,0,1,0,0,1,0,1,1,0,0
6850000.0,2,8,4,0,0,0,0,0,0,0,0,0,0,0,0,0,0,0,0,0,0,0,1,0,0,30,9,3,1,140,0,0,1,0,0,1,0,1,0,1,0
5000000.0,1,4,3,30,0,0,0,0,0,1,0,0,0,0,0,0,0,0,0,0,0,0,0,0,0,25,9,3,1,85,0,0,1,0,0,1,0,1,1,0,0
2725000.0,1,4,4,29,0,0,0,0,0,0,0,1,0,0,0,0,0,0,0,0,0,0,0,0,0,8,10,3,1,95,0,0,1,0,1,0,0,1,1,0,0
2415000.0,1,5,2,4,0,0,0,0,0,0,0,0,0,0,0,0,0,0,0,0,1,0,0,0,0,10,10,1,1,50,0,0,1,0,1,0,1,0,1,0,0
3050000.0,1,9,9,1,0,0,0,0,0,0,0,0,0,0,0,0,0,0,0,0,1,0,0,0,0,44,9,1,1,48,0,0,1,0,0,1,0,1,1,0,0
2825000.0,1,4,1,0,0,0,0,0,0,0,0,0,1,0,0,0,0,0,0,0,0,0,0,0,0,7,10,1,1,50,0,0,1,0,0,1,0,1,1,0,0
5950000.0,1,9,8,0,0,0,0,0,0,0,0,0,0,0,1,0,0,0,0,0,0,0,0,0,0,36,9,2,1,70,0,1,0,0,0,1,0,1,1,0,0
2850000.0,1,3,0,0,0,1,0,0,0,0,0,0,0,0,0,0,0,0,0,0,0,0,0,0,0,45,9,2,1,60,0,0,1,0,1,0,0,1,0,0,1
2585000.0,1,2,2,3,0,1,0,0,0,0,0,0,0,0,0,0,0,0,0,0,0,0,0,0,0,6,10,1,1,45,0,0,1,0,1,0,0,1,0,0,1
3850000.0,1,8,1,25,0,0,0,1,0,0,0,0,0,0,0,0,0,0,0,0,0,0,0,0,0,17,10,3,1,117,0,0,1,0,1,0,0,1,0,0,1
6250000.0,1,4,4,3,0,0,0,0,0,0,0,0,0,0,0,0,0,0,0,1,0,0,0,0,0,26,9,3,1,95,0,0,1,0,0,1,0,1,1,0,0
5250000.0,1,5,3,0,0,0,0,0,0,0,0,0,0,0,0,0,0,0,0,0,1,0,0,0,0,23,10,2,1,75,0,0,1,0,0,1,0,1,1,0,0
5100000.0,1,3,3,24,0,1,0,0,0,0,0,0,0,0,0,0,0,0,0,0,0,0,0,0,0,17,10,3,1,120,0,0,1,0,0,1,0,1,1,0,0
1410000.0,1,4,2,0,0,0,0,0,0,0,0,0,0,0,0,0,0,0,0,0,0,0,0,0,0,7,10,2,1,90,0,0,1,0,0,1,1,0,1,0,0
1200000.0,1,6,1,1,0,0,0,0,0,0,0,0,0,0,0,0,1,0,0,0,0,0,0,0,0,7,10,1,1,50,0,0,1,0,0,1,0,1,1,0,0
3250000.0,1,3,3,31,0,0,0,0,0,0,0,0,1,0,0,0,0,0,0,0,0,0,0,0,0,17,10,2,1,110,0,0,1,0,0,1,0,1,0,1,0
5500000.0,1,5,2,7,0,0,0,0,0,0,0,0,0,0,0,1,0,0,0,0,0,0,0,0,0,11,10,3,1,140,0,0,1,0,1,0,0,1,1,0,0
6500000.0,2,7,7,15,0,1,0,0,0,0,0,0,0,0,0,0,0,0,0,0,0,0,0,0,0,37,9,3,1,130,0,0,1,0,1,0,0,1,0,1,0
2800000.0,1,3,2,6,0,0,0,0,0,0,0,0,0,0,0,0,1,0,0,0,0,0,0,0,0,2,10,1,1,40,0,0,1,0,0,1,1,0,0,0,1
3100000.0,1,7,1,0,0,0,0,0,1,0,0,0,0,0,0,0,0,0,0,0,0,0,0,0,0,38,9,1,1,40,0,0,0,1,0,1,1,0,1,0,0
1310000.0,1,4,1,0,0,1,0,0,0,0,0,0,0,0,0,0,0,0,0,0,0,0,0,0,0,5,10,1,1,55,1,0,0,0,0,1,1,0,1,0,0
3120000.0,1,5,4,0,0,0,0,0,0,0,0,0,0,0,0,0,0,0,0,0,0,0,0,0,0,11,10,1,1,50,0,0,1,0,0,1,0,1,0,0,1
3550000.0,1,15,9,0,0,0,0,0,0,0,0,0,0,0,0,0,0,0,0,0,1,0,0,0,0,86,7,1,1,50,0,1,0,0,0,1,0,1,1,0,0
2610000.0,2,5,3,1,0,0,0,0,0,0,0,0,0,0,0,1,0,0,0,0,0,0,0,0,0,2,10,2,1,80,0,0,1,0,1,0,0,1,0,0,1
3170000.0,1,4,4,4,0,0,0,0,0,0,0,0,0,0,0,1,0,0,0,0,0,0,0,0,0,3,10,1,1,40,0,0,1,0,1,0,1,0,0,0,1
5000000.0,1,4,2,20,0,0,0,0,0,0,1,0,0,0,0,0,0,0,0,0,0,0,0,0,0,18,10,3,1,154,0,0,1,0,1,0,0,1,0,1,0
5250000.0,2,10,8,0,0,0,0,0,0,0,0,0,0,0,0,0,0,0,0,0,0,0,1,0,0,7,10,3,1,92,0,0,1,0,0,1,0,1,1,0,0
3350000.0,1,5,3,43,0,0,0,0,0,0,0,0,1,0,0,0,0,0,0,0,0,0,0,0,0,36,9,2,1,100,0,0,1,0,0,1,0,1,0,1,0
7799000.0,2,3,1,9,0,0,0,0,0,0,0,0,0,0,0,0,0,0,0,0,0,0,0,1,0,23,10,3,1,148,0,0,1,0,1,0,0,1,1,0,0
2600000.0,1,2,1,0,0,0,0,0,0,0,0,0,0,0,0,0,1,0,0,0,0,0,0,0,0,15,10,1,1,35,0,0,1,0,0,1,0,1,0,0,1
4200000.0,1,9,6,0,0,0,0,0,0,0,0,0,0,0,1,0,0,0,0,0,0,0,0,0,0,86,7,2,1,45,0,1,0,0,0,1,1,0,1,0,0
4950000.0,1,4,2,32,0,0,1,0,0,0,0,0,0,0,0,0,0,0,0,0,0,0,0,0,0,16,10,3,1,125,0,0,1,0,0,1,0,1,1,0,0
2300000.0,1,4,3,30,0,0,0,0,0,0,0,0,0,0,1,0,0,0,0,0,0,0,0,0,0,11,10,1,1,75,1,0,0,0,0,1,0,1,1,0,0
4975000.0,1,8,7,20,0,0,0,0,0,0,0,0,0,0,0,0,0,0,0,0,1,0,0,0,0,10,10,3,1,101,0,0,1,0,1,0,0,1,0,1,0
3550000.0,1,3,3,5,0,0,0,0,0,0,0,0,1,0,0,0,0,0,0,0,0,0,0,0,0,16,10,2,1,75,0,0,1,0,0,1,0,1,0,0,1
6150000.0,2,8,8,5,0,0,0,0,1,0,0,0,0,0,0,0,0,0,0,0,0,0,0,0,0,28,9,3,1,135,0,0,1,0,1,0,0,1,1,0,0
4650000.0,1,3,3,31,0,0,0,0,0,0,0,0,0,0,0,0,0,0,1,0,0,0,0,0,0,3,10,3,1,115,0,0,1,0,1,0,0,1,1,0,0
4849000.0,1,3,2,27,0,0,1,0,0,0,0,0,0,0,0,0,0,0,0,0,0,0,0,0,0,1,10,3,1,119,0,0,1,0,1,0,0,1,1,0,0
3500000.0,1,5,3,10,0,0,0,0,0,0,0,0,0,0,0,0,1,0,0,0,0,0,0,0,0,3,10,2,1,75,0,0,1,0,0,1,0,1,0,1,0
3400000.0,1,4,2,27,0,0,0,0,0,0,0,0,0,0,0,0,0,0,0,1,0,0,0,0,0,5,10,3,1,117,0,0,1,0,0,1,0,1,1,0,0
2300000.0,1,5,5,31,0,0,0,0,0,0,0,0,1,0,0,0,0,0,0,0,0,0,0,0,0,19,10,2,1,65,0,0,1,0,0,1,0,1,0,1,0
3675000.0,1,17,3,0,0,0,0,0,0,0,0,0,0,0,0,0,0,0,0,0,0,0,0,0,0,2,10,1,1,60,0,1,0,0,1,0,1,0,0,0,1
3375000.0,1,8,8,25,0,0,0,0,0,0,1,0,0,0,0,0,0,0,0,0,0,0,0,0,0,8,10,3,1,100,0,0,1,0,0,1,0,1,1,0,0
6200000.0,2,3,3,0,0,1,0,0,0,0,0,0,0,0,0,0,0,0,0,0,0,0,0,0,0,6,10,3,1,115,0,0,1,0,1,0,0,1,0,0,1
4490000.0,1,3,2,23,0,0,0,0,0,0,0,0,1,0,0,0,0,0,0,0,0,0,0,0,0,11,10,3,1,95,0,0,1,0,0,1,0,1,0,1,0
3900000.0,1,4,3,4,0,0,0,0,0,0,0,0,0,0,0,0,0,0,0,0,1,0,0,0,0,11,10,2,1,70,0,0,1,0,0,1,0,1,0,1,0
3150000.0,1,3,2,8,0,0,0,0,0,0,0,0,0,1,0,0,0,0,0,0,0,0,0,0,0,2,10,2,1,90,0,0,1,0,0,1,0,1,0,1,0
3599000.0,1,4,3,8,0,0,0,0,0,0,1,0,0,0,0,0,0,0,0,0,0,0,0,0,0,83,8,2,1,87,0,0,1,0,0,1,0,1,0,1,0
5550000.0,2,6,3,17,0,0,0,0,0,0,0,0,0,0,0,0,0,0,0,1,0,0,0,0,0,19,10,3,1,112,0,0,1,0,0,1,0,1,0,1,0
4000000.0,1,2,2,0,0,0,0,0,0,0,0,0,0,1,0,0,0,0,0,0,0,0,0,0,0,18,10,2,1,75,0,0,1,0,1,0,0,1,1,0,0
3800000.0,1,4,0,21,0,0,0,0,0,0,0,0,0,0,0,0,0,0,0,0,0,0,0,0,1,8,10,3,1,90,0,0,1,0,1,0,0,1,1,0,0
2740000.0,1,3,2,1,0,0,0,0,0,0,0,0,0,0,0,0,0,0,0,0,0,0,0,0,0,2,10,1,1,50,0,0,1,0,1,0,1,0,1,0,0
7950000.0,2,3,2,0,0,0,0,0,0,1,0,0,0,0,0,0,0,0,0,0,0,0,0,0,0,13,10,3,1,115,0,0,1,0,0,1,0,1,1,0,0
3600000.0,2,7,-2,30,0,0,0,0,0,1,0,0,0,0,0,0,0,0,0,0,0,0,0,0,0,33,9,3,1,135,0,0,1,0,0,1,0,1,1,0,0
5125000.0,2,4,2,21,0,0,0,0,0,0,0,0,0,0,0,0,0,0,0,0,0,0,0,0,0,5,10,3,1,140,0,0,1,0,1,0,0,1,0,1,0
4595000.0,1,8,2,1,0,0,0,0,0,0,0,0,0,0,1,0,0,0,0,0,0,0,0,0,0,39,9,2,1,75,0,0,0,1,0,1,0,1,1,0,0
3550000.0,1,4,2,1,0,0,0,0,0,0,0,0,0,0,0,0,0,0,0,1,0,0,0,0,0,5,10,2,1,80,0,0,1,0,0,1,0,1,1,0,0
3250000.0,2,3,1,10,0,0,0,0,0,0,0,0,0,0,0,0,0,0,0,0,0,0,0,0,0,7,10,2,1,80,0,0,1,0,0,1,0,1,1,0,0
3650000.0,1,4,4,20,0,0,0,0,0,0,0,1,0,0,0,0,0,0,0,0,0,0,0,0,0,20,10,3,1,140,0,0,1,0,1,0,0,1,1,0,0
2425000.0,1,5,4,4,0,0,0,0,0,0,0,0,0,0,0,0,0,0,0,0,0,0,0,0,0,10,10,1,1,50,0,0,1,0,1,0,1,0,0,0,1
2850000.0,1,2,0,6,0,0,0,0,0,0,0,1,0,0,0,0,0,0,0,0,0,0,0,0,0,3,10,2,1,85,0,0,1,0,0,1,0,1,0,1,0
4250000.0,1,5,-1,21,0,0,1,0,0,0,0,0,0,0,0,0,0,0,0,0,0,0,0,0,0,22,10,3,1,125,0,0,1,0,0,1,0,1,1,0,0
3000000.0,1,4,-1,16,0,0,0,0,0,0,0,0,0,0,0,1,0,0,0,0,0,0,0,0,0,12,10,2,1,78,0,0,1,0,0,1,0,1,1,0,0
3100000.0,1,3,0,0,0,0,0,0,0,0,0,0,0,0,0,0,1,0,0,0,0,0,0,0,0,2,10,2,1,65,1,0,0,0,0,1,0,1,1,0,0
4790000.0,2,8,6,14,0,0,0,0,0,0,0,0,0,0,0,0,0,0,0,0,0,0,0,0,1,11,10,3,1,110,0,0,1,0,1,0,0,1,0,1,0
3000000.0,1,4,3,21,0,0,0,0,0,0,0,0,0,0,0,0,0,0,0,0,0,0,1,0,0,45,9,3,1,128,0,0,1,0,0,1,0,1,1,0,0
4500000.0,2,4,0,4,0,0,0,0,0,1,0,0,0,0,0,0,0,0,0,0,0,0,0,0,0,3,10,2,1,85,0,0,1,0,0,1,0,1,0,1,0
2075000.0,1,4,0,15,0,0,0,0,0,0,0,0,0,0,0,0,0,0,0,1,0,0,0,0,0,4,10,1,1,80,0,0,1,0,0,1,0,1,1,0,0
4700000.0,1,4,4,12,0,0,0,1,0,0,0,0,0,0,0,0,0,0,0,0,0,0,0,0,0,7,10,2,1,79,0,1,0,0,1,0,0,1,0,1,0
2925000.0,1,2,2,5,0,0,0,0,0,0,0,0,0,0,0,0,1,0,0,0,0,0,0,0,0,87,7,1,1,44,0,0,0,1,0,1,1,0,1,0,0
5999000.0,2,8,8,21,0,0,0,0,0,1,0,0,0,0,0,0,0,0,0,0,0,0,0,0,0,10,10,3,1,140,0,0,1,0,1,0,0,1,1,0,0
3600000.0,1,3,2,1,0,0,0,0,0,0,0,0,0,0,0,1,0,0,0,0,0,0,0,0,0,37,9,1,1,50,0,0,1,0,1,0,0,1,1,0,0
1315000.0,1,4,2,0,0,0,0,0,0,0,0,0,0,0,0,0,0,0,0,0,0,0,0,0,0,1,10,1,1,52,0,0,1,0,0,1,1,0,1,0,0
2975000.0,1,4,2,0,0,0,0,0,0,0,0,0,0,0,0,1,0,0,0,0,0,0,0,0,0,71,8,1,1,60,0,0,1,0,0,1,0,1,1,0,0
3900000.0,1,8,4,21,0,0,0,0,0,0,1,0,0,0,0,0,0,0,0,0,0,0,0,0,0,32,9,3,1,125,0,0,1,0,1,0,0,1,0,0,1
4500000.0,1,11,3,5,0,0,0,0,0,0,0,0,0,0,0,0,1,0,0,0,0,0,0,0,0,4,10,2,1,60,0,0,0,1,0,1,0,1,0,0,1
4850000.0,2,7,6,2,0,0,0,0,0,0,0,0,0,0,0,0,0,0,0,1,0,0,0,0,0,37,9,2,1,102,0,0,1,0,0,1,0,1,0,0,1
7000000.0,2,3,3,11,1,0,0,0,0,0,0,0,0,0,0,0,0,0,0,0,0,0,0,0,0,10,10,3,1,175,0,0,1,0,1,0,0,1,1,0,0
4100000.0,2,2,1,9,0,0,0,0,0,0,1,0,0,0,0,0,0,0,0,0,0,0,0,0,0,7,10,2,1,90,0,0,1,0,1,0,1,0,1,0,0
3700000.0,1,4,3,33,0,0,0,0,0,1,0,0,0,0,0,0,0,0,0,0,0,0,0,0,0,8,10,3,1,95,0,0,1,0,0,1,0,1,0,0,1
1165000.0,1,4,2,0,0,0,0,0,0,0,0,0,0,0,0,0,1,0,0,0,0,0,0,0,0,1,10,1,1,52,0,0,1,0,1,0,1,0,1,0,0
6000000.0,1,3,1,0,0,0,1,0,0,0,0,0,0,0,0,0,0,0,0,0,0,0,0,0,0,21,10,2,1,85,0,0,1,0,0,1,0,1,1,0,0
6000000.0,1,4,4,28,0,0,0,0,0,0,0,0,1,0,0,0,0,0,0,0,0,0,0,0,0,39,9,3,1,145,0,0,1,0,1,0,0,1,0,1,0
4780000.0,1,9,6,21,0,0,0,1,0,0,0,0,0,0,0,0,0,0,0,0,0,0,0,0,0,14,10,3,1,120,0,0,1,0,1,0,0,1,1,0,0
2450000.0,1,3,3,1,0,0,0,0,0,0,0,0,0,0,0,0,0,0,0,0,0,0,0,0,0,4,10,1,1,55,1,0,0,0,0,1,0,1,1,0,0
7000000.0,1,4,0,5,0,0,0,0,0,0,0,0,0,0,0,0,0,0,0,1,0,0,0,0,0,50,9,3,1,134,0,0,1,0,0,1,0,1,0,1,0
5750000.0,1,14,14,0,0,0,0,0,0,0,0,0,0,0,0,0,1,0,0,0,0,0,0,0,0,16,10,2,1,75,0,0,1,0,0,1,0,1,1,0,0
5250000.0,1,4,2,26,0,0,1,0,0,0,0,0,0,0,0,0,0,0,0,0,0,0,0,0,0,5,10,3,1,125,0,0,1,0,0,1,0,1,0,1,0
5150000.0,2,11,3,0,0,0,0,0,0,0,0,0,0,0,0,0,0,0,0,1,0,0,0,0,0,11,10,2,1,90,0,0,0,1,1,0,0,1,1,0,0
3175000.0,1,4,2,2,0,0,0,0,0,0,0,0,0,0,0,1,0,0,0,0,0,0,0,0,0,7,10,2,1,60,0,0,1,0,0,1,0,1,0,0,1
5100000.0,1,4,2,9,0,0,0,0,0,0,0,0,0,0,0,0,0,0,0,0,1,0,0,0,0,8,10,3,1,120,0,0,1,0,1,0,0,1,0,1,0
3700000.0,1,4,4,31,0,0,0,0,0,0,0,0,0,0,0,0,0,0,1,0,0,0,0,0,0,41,9,3,1,90,0,0,1,0,1,0,0,1,1,0,0
3500000.0,1,4,4,40,0,0,0,0,0,0,0,0,0,0,0,0,0,0,0,1,0,0,0,0,0,26,9,2,1,75,0,0,1,0,0,1,0,1,0,1,0
5400000.0,2,4,0,16,0,0,0,0,0,0,0,0,0,0,0,0,0,0,0,0,1,0,0,0,0,17,10,3,1,140,0,0,1,0,0,1,0,1,0,0,1
5100000.0,2,11,3,0,0,0,0,0,0,0,0,0,0,0,0,0,0,0,0,1,0,0,0,0,0,11,10,2,1,90,0,0,0,1,1,0,0,1,1,0,0
4000000.0,1,8,0,3,0,0,0,0,0,0,0,0,0,0,0,0,0,0,0,1,0,0,0,0,0,5,10,2,1,95,0,0,1,0,0,1,0,1,0,1,0
3250000.0,1,4,4,30,0,0,0,0,0,0,0,0,1,0,0,0,0,0,0,0,0,0,0,0,0,18,10,2,1,90,0,0,1,0,1,0,0,1,0,1,0
3500000.0,1,8,8,31,0,0,0,0,0,0,1,0,0,0,0,0,0,0,0,0,0,0,0,0,0,5,10,3,1,120,0,0,1,0,1,0,0,1,1,0,0
9300000.0,1,4,2,7,0,0,0,0,0,1,0,0,0,0,0,0,0,0,0,0,0,0,0,0,0,1,10,3,1,120,0,0,0,1,0,1,0,1,0,0,1
7000000.0,1,6,2,12,0,0,0,1,0,0,0,0,0,0,0,0,0,0,0,0,0,0,0,0,0,32,9,3,1,120,0,0,1,0,1,0,0,1,0,0,1
3800000.0,1,4,2,31,0,0,0,0,0,1,0,0,0,0,0,0,0,0,0,0,0,0,0,0,0,19,10,3,1,100,1,0,0,0,1,0,0,1,0,0,1
1950000.0,1,2,0,5,0,0,0,0,0,0,0,0,0,0,0,0,1,0,0,0,0,0,0,0,0,8,10,1,1,42,1,0,0,0,0,1,1,0,0,0,1
3000000.0,1,3,2,0,0,0,0,0,0,0,0,0,0,0,0,0,0,0,0,0,0,0,0,0,0,24,10,1,1,50,0,0,1,0,0,1,0,1,1,0,0
3700000.0,1,4,0,3,1,0,0,0,0,0,0,0,0,0,0,0,0,0,0,0,0,0,0,0,0,32,9,2,1,75,0,0,1,0,0,1,0,1,1,0,0
2450000.0,1,3,0,0,0,0,0,0,0,0,0,0,0,1,0,0,0,0,0,0,0,0,0,0,0,9,10,2,1,75,0,0,1,0,1,0,0,1,1,0,0
3890000.0,1,4,4,1,0,0,0,0,0,0,0,0,0,0,0,0,0,0,0,1,0,0,0,0,0,21,10,2,1,90,0,0,1,0,0,1,0,1,1,0,0
5799000.0,1,5,0,19,0,0,0,0,0,0,0,0,0,0,0,0,0,1,0,0,0,0,0,0,0,51,9,2,1,195,0,0,1,0,0,1,0,1,0,1,0
9950000.0,2,9,2,4,1,0,0,0,0,0,0,0,0,0,0,0,0,0,0,0,0,0,0,0,0,5,10,3,1,144,0,0,0,1,0,1,0,1,0,1,0
9000000.0,1,5,2,7,0,0,0,0,1,0,0,0,0,0,0,0,0,0,0,0,0,0,0,0,0,50,9,3,1,120,0,0,1,0,0,1,0,1,0,0,1
2800000.0,1,3,0,0,0,0,0,0,0,0,0,0,0,0,0,0,0,0,0,0,0,0,0,0,1,7,10,1,1,51,0,0,1,0,0,1,1,0,1,0,0
5250000.0,1,9,9,16,0,0,0,0,0,0,0,0,0,0,0,0,0,0,0,0,0,1,0,0,0,8,10,3,1,140,0,0,1,0,1,0,0,1,1,0,0
4750000.0,1,4,2,0,0,0,0,0,0,1,0,0,0,0,0,0,0,0,0,0,0,0,0,0,0,36,9,2,1,65,0,0,1,0,0,1,0,1,1,0,0
2550000.0,1,7,0,0,0,0,0,0,0,0,0,0,0,0,0,0,0,0,0,0,1,0,0,0,0,4,10,1,1,50,0,0,1,0,0,1,0,1,1,0,0
1215000.0,1,4,3,1,0,1,0,0,0,0,0,0,0,0,0,0,0,0,0,0,0,0,0,0,0,2,10,1,1,50,0,0,1,0,0,1,1,0,1,0,0
3975000.0,1,5,3,31,0,0,0,0,0,0,0,0,0,0,0,0,0,1,0,0,0,0,0,0,0,10,10,3,1,118,0,0,1,0,0,1,0,1,1,0,0
3950000.0,1,5,2,30,0,0,0,0,0,0,0,0,0,0,0,0,0,0,0,0,0,0,0,0,1,5,10,3,1,100,0,0,1,0,1,0,0,1,0,0,1
2350000.0,1,4,0,17,0,0,0,0,0,0,0,0,0,0,0,0,0,0,0,0,0,0,0,0,1,40,9,1,1,40,0,0,1,0,1,0,1,0,1,0,0
2600000.0,1,5,0,16,0,0,0,0,0,0,0,0,0,0,0,0,0,0,0,0,0,0,0,1,0,26,9,1,1,65,0,0,1,0,1,0,0,1,0,1,0
2795000.0,1,6,3,1,0,0,0,0,0,0,0,0,0,0,0,0,0,0,0,0,0,0,0,0,0,12,10,1,1,45,0,0,0,1,0,1,0,1,1,0,0
3850000.0,1,4,2,26,0,0,0,0,0,0,0,0,0,0,0,1,0,0,0,0,0,0,0,0,0,16,10,3,1,115,0,0,1,0,1,0,0,1,0,1,0
4600000.0,1,4,3,10,0,0,0,0,0,0,0,0,0,0,0,0,0,0,0,0,0,0,0,0,1,20,10,3,1,130,0,0,1,0,0,1,0,1,0,1,0
4100000.0,1,8,7,26,0,0,0,0,0,0,0,0,0,0,0,0,0,0,0,1,0,0,0,0,0,5,10,3,1,115,0,0,1,0,0,1,0,1,0,0,1
3300000.0,1,4,4,26,0,0,0,0,0,1,0,0,0,0,0,0,0,0,0,0,0,0,0,0,0,5,10,2,1,115,0,0,1,0,0,1,0,1,1,0,0
1650000.0,1,3,2,1,0,0,0,0,0,0,0,0,0,0,0,0,0,0,0,0,0,0,0,0,0,9,10,1,1,52,0,0,1,0,1,0,1,0,1,0,0
2900000.0,1,5,2,0,0,0,0,0,0,0,0,0,0,0,0,0,0,0,0,0,0,0,0,0,0,12,10,1,1,40,0,0,1,0,0,1,0,1,1,0,0
4350000.0,1,9,4,23,0,0,0,0,0,0,0,0,0,0,0,0,1,0,0,0,0,0,0,0,0,17,10,3,1,108,0,0,1,0,1,0,0,1,1,0,0
3790000.0,1,3,3,26,0,0,0,0,0,0,0,0,0,0,0,0,0,0,0,1,0,0,0,0,0,11,10,2,1,120,0,0,1,0,1,0,0,1,0,0,1
4250000.0,1,4,3,30,0,0,0,0,0,0,0,0,0,0,0,0,0,0,0,1,0,0,0,0,0,4,10,1,1,70,0,0,1,0,0,1,0,1,1,0,0
7000000.0,1,4,2,16,0,0,0,0,0,0,0,0,0,0,0,0,0,0,0,1,0,0,0,0,0,3,10,3,1,160,0,0,1,0,0,1,0,1,1,0,0
3000000.0,1,4,3,1,0,0,0,0,0,0,0,0,0,0,0,0,0,0,0,0,0,0,0,0,0,4,10,1,1,55,1,0,0,0,1,0,1,0,1,0,0
2300000.0,1,4,-1,5,0,0,0,0,0,0,0,0,0,0,0,0,0,0,0,1,0,0,0,0,0,2,10,2,1,90,0,0,1,0,0,1,0,1,0,1,0
4700000.0,1,8,6,22,0,0,0,0,0,0,0,0,0,0,0,0,0,0,0,0,0,0,0,0,1,36,9,3,1,125,0,0,1,0,1,0,0,1,0,1,0
6500000.0,2,4,2,16,0,0,0,0,1,0,0,0,0,0,0,0,0,0,0,0,0,0,0,0,0,7,10,3,1,180,0,0,1,0,1,0,0,1,0,1,0
2450000.0,1,3,0,1,0,0,0,0,0,0,0,0,0,0,0,0,0,0,0,0,0,0,0,0,0,2,10,1,1,55,1,0,0,0,0,1,1,0,1,0,0
4200000.0,1,4,0,0,1,0,0,0,0,0,0,0,0,0,0,0,0,0,0,0,0,0,0,0,0,4,10,2,1,76,0,0,1,0,1,0,0,1,1,0,0
2050000.0,1,6,2,4,0,0,0,0,0,0,0,0,0,0,0,0,1,0,0,0,0,0,0,0,0,33,9,1,1,50,0,0,1,0,1,0,1,0,1,0,0
5700000.0,2,3,2,8,0,0,0,0,0,0,0,0,0,0,0,0,0,0,0,1,0,0,0,0,0,7,10,2,1,83,0,0,1,0,0,1,0,1,1,0,0
3600000.0,1,4,4,26,0,0,0,0,0,0,0,0,0,0,0,0,0,0,1,0,0,0,0,0,0,16,10,3,1,100,0,0,1,0,0,1,0,1,0,1,0
2580000.0,1,3,2,0,0,1,0,0,0,0,0,0,0,0,0,0,0,0,0,0,0,0,0,0,0,45,9,1,1,50,0,0,1,0,1,0,0,1,0,0,1
4850000.0,2,2,1,8,0,0,0,0,0,0,1,0,0,0,0,0,0,0,0,0,0,0,0,0,0,7,10,3,1,125,0,0,1,0,1,0,0,1,1,0,0
1900000.0,1,4,2,3,0,0,0,0,0,0,0,0,0,0,0,0,0,0,0,0,0,0,0,0,0,12,10,1,1,45,0,0,1,0,0,1,1,0,1,0,0
8250000.0,1,3,3,15,0,0,0,0,0,0,0,0,0,0,0,1,0,0,0,0,0,0,0,0,0,26,9,3,1,145,0,0,1,0,0,1,0,1,1,0,0
3530000.0,1,4,-1,10,0,0,0,0,0,0,0,0,0,0,0,1,0,0,0,0,0,0,0,0,0,16,10,3,1,100,0,0,1,0,0,1,0,1,1,0,0
1975000.0,1,3,3,16,0,0,0,0,0,0,0,0,0,0,0,1,0,0,0,0,0,0,0,0,0,2,10,1,1,50,0,0,1,0,1,0,0,1,1,0,0
2500000.0,1,4,4,35,0,0,0,0,0,0,0,0,0,0,0,0,0,0,0,0,1,0,0,0,0,19,10,2,1,90,0,0,1,0,0,1,0,1,0,0,1
1150000.0,1,4,2,1,0,1,0,0,0,0,0,0,0,0,0,0,0,0,0,0,0,0,0,0,0,7,10,1,1,50,0,0,1,0,1,0,1,0,1,0,0
3999000.0,1,4,4,20,0,0,1,0,0,0,0,0,0,0,0,0,0,0,0,0,0,0,0,0,0,1,10,3,1,120,0,0,1,0,1,0,0,1,1,0,0
2150000.0,1,3,0,5,0,1,0,0,0,0,0,0,0,0,0,0,0,0,0,0,0,0,0,0,0,44,9,1,1,50,0,0,1,0,0,1,1,0,0,0,1
8500000.0,1,3,3,26,0,0,0,0,0,0,0,0,0,0,0,0,0,0,0,1,0,0,0,0,0,16,10,3,1,145,0,0,1,0,0,1,0,1,1,0,0
5200000.0,1,10,6,0,0,0,0,0,0,0,0,0,0,0,1,0,0,0,0,0,0,0,0,0,0,15,10,1,1,50,0,1,0,0,0,1,0,1,1,0,0
7250000.0,1,5,3,21,0,0,0,0,0,0,0,0,0,0,0,0,0,0,0,0,0,0,0,1,0,11,10,3,1,120,0,0,1,0,0,1,0,1,0,0,1
3750000.0,1,6,1,11,0,0,0,0,0,0,0,0,0,0,0,1,0,0,0,0,0,0,0,0,0,6,10,3,1,130,0,0,1,0,0,1,0,1,1,0,0
2375000.0,1,3,1,4,0,0,0,1,0,0,0,0,0,0,0,0,0,0,0,0,0,0,0,0,0,10,10,1,1,50,0,0,1,0,1,0,1,0,0,0,1
2450000.0,1,2,2,4,0,0,0,0,0,0,0,0,0,0,0,0,0,0,0,0,0,0,0,0,0,4,10,1,1,55,1,0,0,0,0,1,1,0,0,0,1
3200000.0,1,3,3,21,0,0,0,0,0,0,0,0,0,0,0,0,0,0,0,0,0,0,0,1,0,15,10,3,1,130,0,0,1,0,0,1,0,1,1,0,0
5000000.0,2,4,4,3,0,0,0,0,1,0,0,0,0,0,0,0,0,0,0,0,0,0,0,0,0,2,10,3,1,90,0,0,1,0,1,0,0,1,1,0,0
2850000.0,1,4,2,1,0,0,0,0,0,0,0,0,1,0,0,0,0,0,0,0,0,0,0,0,0,7,10,1,1,45,0,0,1,0,0,1,0,1,1,0,0
2100000.0,1,3,-1,5,0,0,0,0,1,0,0,0,0,0,0,0,0,0,0,0,0,0,0,0,0,85,8,2,1,90,0,0,1,0,1,0,0,1,1,0,0
5500000.0,2,4,1,11,0,0,0,0,0,0,0,0,1,0,0,0,0,0,0,0,0,0,0,0,0,22,10,3,1,120,0,0,1,0,0,1,0,1,0,0,1
3200000.0,1,4,2,0,0,1,0,0,0,0,0,0,0,0,0,0,0,0,0,0,0,0,0,0,0,6,10,2,1,80,1,0,0,0,1,0,1,0,1,0,0
4650000.0,1,7,4,20,0,0,0,0,0,0,0,0,0,0,0,0,0,0,0,0,0,1,0,0,0,21,10,3,1,125,0,0,1,0,1,0,0,1,0,0,1
2050000.0,1,4,0,5,0,0,0,0,0,0,0,0,0,0,0,0,0,0,0,0,0,0,0,0,0,8,10,1,1,40,0,0,1,0,0,1,1,0,0,0,1
4500000.0,1,2,2,0,0,0,0,0,0,0,0,0,0,0,0,0,0,0,0,0,0,0,0,0,0,5,10,3,1,135,0,0,1,0,0,1,0,1,1,0,0
5250000.0,1,4,2,26,0,0,0,0,0,0,0,0,0,0,0,0,0,0,0,0,0,0,0,1,0,62,8,3,1,125,0,0,1,0,0,1,0,1,0,1,0
2350000.0,1,4,0,30,0,0,0,0,0,0,0,0,0,0,0,0,0,1,0,0,0,0,0,0,0,3,10,2,1,75,0,0,1,0,0,1,0,1,1,0,0
2580000.0,1,4,0,4,0,0,0,0,0,0,0,0,1,0,0,0,0,0,0,0,0,0,0,0,0,72,8,1,1,44,0,0,1,0,0,1,0,1,1,0,0
6850000.0,2,8,4,1,0,0,0,0,0,0,0,0,0,0,0,0,0,0,0,0,0,0,1,0,0,38,9,3,1,140,0,0,1,0,0,1,0,1,0,1,0
4950000.0,1,9,7,0,0,0,0,0,0,0,0,0,0,0,1,0,0,0,0,0,0,0,0,0,0,2,10,2,1,59,0,1,0,0,0,1,0,1,1,0,0
3000000.0,1,4,4,5,0,0,0,0,0,0,0,0,0,0,0,0,1,0,0,0,0,0,0,0,0,22,10,1,1,50,0,0,1,0,0,1,0,1,0,1,0
11000000.0,2,4,1,0,0,0,0,0,0,0,0,0,0,0,0,0,0,0,0,1,0,0,0,0,0,14,10,3,1,135,0,0,1,0,0,1,0,1,1,0,0
3500000.0,2,4,3,20,0,0,1,0,0,0,0,0,0,0,0,0,0,0,0,0,0,0,0,0,0,11,10,2,1,90,0,0,1,0,0,1,0,1,1,0,0
4750000.0,1,4,2,0,0,0,0,0,0,0,0,0,0,0,0,1,0,0,0,0,0,0,0,0,0,89,7,2,1,110,0,0,0,1,0,1,0,1,1,0,0
2500000.0,1,9,0,6,0,0,0,0,0,0,0,0,0,0,0,0,1,0,0,0,0,0,0,0,0,35,9,1,1,40,0,0,1,0,0,1,1,0,0,0,1
6900000.0,2,10,2,5,0,1,0,0,0,0,0,0,0,0,0,0,0,0,0,0,0,0,0,0,0,0,10,3,1,135,0,0,1,0,1,0,0,1,0,0,1
3500000.0,2,2,0,0,0,0,0,0,0,0,0,0,0,0,0,0,1,0,0,0,0,0,0,0,0,11,10,2,1,90,0,0,1,0,0,1,0,1,1,0,0
3950000.0,1,3,2,28,0,0,0,0,0,0,0,0,0,0,0,1,0,0,0,0,0,0,0,0,0,4,10,3,1,120,0,0,1,0,1,0,0,1,1,0,0
4350000.0,1,4,4,0,0,0,0,0,0,0,0,0,0,0,0,0,0,0,0,1,0,0,0,0,0,51,9,2,1,60,0,0,1,0,0,1,0,1,1,0,0
4450000.0,1,4,2,30,0,0,0,0,0,0,0,0,0,0,0,0,0,0,1,0,0,0,0,0,0,10,10,3,1,104,0,0,1,0,1,0,1,0,1,0,0
2750000.0,1,4,0,35,0,0,0,0,0,0,0,0,0,0,0,0,0,0,0,1,0,0,0,0,0,23,10,3,1,120,0,0,1,0,0,1,0,1,0,0,1
4500000.0,1,4,4,30,0,0,1,0,0,0,0,0,0,0,0,0,0,0,0,0,0,0,0,0,0,64,8,3,1,120,0,0,1,0,1,0,0,1,1,0,0
2950000.0,1,4,0,23,0,0,0,0,0,0,0,0,0,0,0,0,0,0,0,1,0,0,0,0,0,2,10,2,1,88,0,0,1,0,0,1,0,1,0,1,0
3750000.0,1,4,2,26,0,0,0,0,0,0,0,0,0,0,0,1,0,0,0,0,0,0,0,0,0,20,10,3,1,110,0,0,1,0,0,1,0,1,1,0,0
3850000.0,1,4,2,0,0,0,0,0,0,0,0,0,1,0,0,0,0,0,0,0,0,0,0,0,0,73,8,2,1,65,0,0,1,0,0,1,0,1,1,0,0
3850000.0,1,4,3,0,0,0,0,0,0,0,0,0,1,0,0,0,0,0,0,0,0,0,0,0,0,72,8,2,1,65,0,0,1,0,0,1,0,1,1,0,0
2850000.0,1,4,2,0,0,0,0,0,0,0,0,0,1,0,0,0,0,0,0,0,0,0,0,0,0,73,8,1,1,48,0,0,1,0,0,1,0,1,1,0,0
2495000.0,1,2,2,5,0,0,0,0,0,0,0,0,0,0,0,0,0,0,0,0,0,0,0,0,0,14,10,1,1,52,0,0,1,0,0,1,1,0,1,0,0
6900000.0,2,8,8,16,0,0,0,0,0,0,0,0,0,0,0,0,0,0,0,0,0,1,0,0,0,32,9,3,1,120,0,0,1,0,0,1,0,1,0,1,0
4250000.0,1,4,4,21,0,0,0,0,0,0,0,0,0,0,0,0,0,0,1,0,0,0,0,0,0,5,10,3,1,125,0,0,1,0,1,0,0,1,1,0,0
3200000.0,1,4,2,2,0,0,0,0,0,0,0,0,0,0,0,1,0,0,0,0,0,0,0,0,0,7,10,2,1,60,0,0,1,0,0,1,0,1,0,0,1
5250000.0,1,4,0,5,0,0,0,0,0,0,0,0,0,0,0,0,0,0,1,0,0,0,0,0,0,40,9,2,1,81,0,0,1,0,0,1,0,1,0,0,1
4850000.0,1,4,4,0,0,0,0,0,0,0,0,0,0,0,0,0,0,0,0,1,0,0,0,0,0,16,10,2,1,110,0,0,1,0,0,1,0,1,1,0,0
4000000.0,1,5,3,25,0,0,0,0,0,0,1,0,0,0,0,0,0,0,0,0,0,0,0,0,0,15,10,3,1,115,0,0,1,0,0,1,0,1,0,0,1
3900000.0,1,4,4,26,1,0,0,0,0,0,0,0,0,0,0,0,0,0,0,0,0,0,0,0,0,68,8,3,1,135,0,0,1,0,0,1,0,1,0,1,0
3150000.0,1,4,4,26,0,0,0,0,0,0,0,0,0,1,0,0,0,0,0,0,0,0,0,0,0,73,8,2,1,140,0,0,1,0,1,0,0,1,0,0,1
2550000.0,1,4,2,5,0,1,0,0,0,0,0,0,0,0,0,0,0,0,0,0,0,0,0,0,0,7,10,1,1,45,1,0,0,0,0,1,1,0,0,0,1
4400000.0,1,4,2,31,1,0,0,0,0,0,0,0,0,0,0,0,0,0,0,0,0,0,0,0,0,51,9,3,1,135,0,0,1,0,0,1,0,1,0,1,0
6000000.0,2,10,7,0,0,0,0,0,0,0,0,0,0,0,0,0,0,0,0,0,0,0,0,0,1,8,10,2,1,90,0,0,1,0,0,1,0,1,1,0,0
5000000.0,1,3,0,0,0,0,1,0,0,0,0,0,0,0,0,0,0,0,0,0,0,0,0,0,0,21,10,2,1,80,0,0,1,0,0,1,0,1,1,0,0
3300000.0,1,4,3,0,0,0,0,0,0,0,0,0,0,0,0,0,1,0,0,0,0,0,0,0,0,11,10,1,1,40,0,0,0,1,0,1,0,1,1,0,0
5500000.0,2,11,7,0,0,0,0,0,0,0,0,0,0,0,0,0,0,0,0,1,0,0,0,0,0,36,9,2,1,82,0,0,0,1,0,1,0,1,1,0,0
4275000.0,1,3,2,0,0,0,0,0,0,0,0,0,0,0,0,0,0,0,1,0,0,0,0,0,0,10,10,2,1,105,0,0,1,0,0,1,0,1,1,0,0
5450000.0,2,9,1,9,0,0,0,0,0,0,0,0,0,0,0,0,0,0,0,0,0,1,0,0,0,2,10,3,1,125,0,1,0,0,0,1,0,1,1,0,0
5950000.0,2,4,2,0,0,0,0,0,0,0,0,0,0,0,0,0,0,0,0,1,0,0,0,0,0,65,8,3,1,137,0,0,0,1,1,0,0,1,1,0,0
2750000.0,1,5,0,28,0,0,0,0,0,0,0,0,0,0,0,0,0,1,0,0,0,0,0,0,0,50,9,3,1,118,0,0,1,0,0,1,0,1,0,1,0
